id,paragraph,problems,question_plus,hint
generation-for-nlp-682_aug,경제 X는 유연한 환율이 적용되는 개방형 경제입니다. 경제 Y는 폐쇄 경제입니다.,"{'question': '질문: 경제 Y에서 통화 공급을 확대하는 경우 어떤 영향이 발생할 가능성이 높은가?', 'choices': ['소비자 신뢰가 높아져 내수가 증가할 것이다.', '수출이 증가하면서 경상수지가 개선될 것이다.', '자산 가격이 상승하더라도 내수 경기는 약세를 보일 수 있다.', '물가가 급격히 상승하여 인플레이션이 발생할 것이다.', '환율이 하락하여 외환 시장에 부정적인 영향을 줄 것이다.'], 'answer': 3}",,"폐쇄 경제인 Y에서는 통화 공급이 확대되어도 수출입이 제한적이므로, 외부의 수요 증가가 없고 내수 경기가 활성화되지 않을 수 있습니다. 이러한 환경에서는 자산 가격만 상승할 수 있지만 전반적인 경제 활성화에는 한계가 존재합니다."
generation-for-nlp-683_aug,당좌 예금 계좌에 1000달러가 입금되고 초과 준비금이 700달러 증가하면 준비율은 다음과 같아야 합니다.,"{'question': '질문: 당좌 예금 계좌의 총 잔액이 1700달러가 되었을 때, 해당 계좌의 전체 준비금을 포함한 비율인 준비율은 어떻게 변화할까요?', 'choices': ['70%', '30%', '40%', '20%', '50%'], 'answer': 1}",,"준비율은 은행이 법정 준비금으로 보유해야 하는 예금의 비율을 말합니다. 초과 준비금이 700달러 증가했다는 것은 은행이 추가로 보유할 수 있는 여유 금액을 가지고 있다는 것을 의미합니다. 그러므로 새로운 총 잔액 즉, 준비금을 포함하는 총예금을 통해 준비율을 다시 계산해야 합니다."
generation-for-nlp-684_aug,"I. 생산 II. 생산 과정에서 벌어들인 소득 III. 소비자, 기업, 정부 및 외국인의 지출","{'question': '질문: 국내총생산(GDP)을 구성하는 요소와 관련하여 설명이 잘못된 것은?', 'choices': ['생산은 모든 경제 활동의 기초가 된다.', '생산 과정에서 벌어들인 소득은 GDP를 구성하는 중요한 요소 중 하나이다.', '소비자와 정부의 지출만이 GDP에 포함된다.', '기업의 투자 지출도 GDP의 중요한 부분을 차지한다.', '외국인의 지출은 GDP의 계산에서 무시된다.'], 'answer': 3}",,"GDP는 특정 기간 동안 한 나라의 경제 활동을 측정하는 지표로, 다양한 요소를 포함합니다. 소비자, 기업, 정부 및 외국인의 지출이 모두 GDP에 포함되므로, 특정 부분만을 포함하거나 무시하는 것은 잘못된 설명입니다."
generation-for-nlp-685_aug,현재 경제는 완전 고용 상태에서 운영되고 있습니다. 임금과 가격이 유연하다고 가정할 때.,"{'question': '질문: 완전 고용 상태에서 임금 상승이 발생하면 단기적으로 GDP와 물가 수준에 어떤 영향을 미칠까요?', 'choices': ['증가 \\xa0\\xa0\\xa0 증가 \\xa0\\xa0\\xa0 증가 \\xa0\\xa0\\xa0 증가', '증가 \\xa0\\xa0\\xa0 감소 \\xa0\\xa0\\xa0 변경 없음 \\xa0\\xa0\\xa0 변경 없음', '감소 \\xa0\\xa0\\xa0 증가 \\xa0\\xa0\\xa0 하락 \\xa0\\xa0\\xa0 하락', '변경 없음 \\xa0\\xa0\\xa0 증가 \\xa0\\xa0\\xa0 감소 \\xa0\\xa0\\xa0 증가', '증가 \\xa0\\xa0\\xa0 증가 \\xa0\\xa0\\xa0 하락 \\xa0\\xa0\\xa0 변경 없음'], 'answer': 1}",,"완전 고용 상태에서 임금이 상승하면 소비자들의 구매력이 증가하여 총 수요가 증가하고, 이로 인해 GDP도 상승할 수 있습니다. 동시에 임금 상승은 기업의 인건비 상승으로 이어져 물가 수준도 상승할 가능성이 높습니다. 이러한 과정은 경제의 유연성이 작용하는 부분을 반영합니다."
generation-for-nlp-686_aug,I. 고정 금리 대출자 II. 고정 소득을 받는 개인 III. 고정 금리 저축자 IV. 식당 소유자,"{'question': '질문: 인플레이션이 고정 금리 대출자에게 미치는 영향은 무엇인가?', 'choices': ['대출자의 이자 부담이 증가한다.', '대출자가 상대적으로 유리해진다.', '대출자의 실질 구매력이 감소한다.', '대출자가 추가 비용을 지불해야 한다.', '대출자가 고정 금리 혜택을 잃는다.'], 'answer': 2}",,"인플레이션이 상승하면 고정 금리로 대출을 받은 경우, 물가 상승으로 인해 대출자의 이자 부담이 상대적으로 감소하므로 이득을 볼 수 있습니다. 고정 금리가 적용되므로 대출자의 원리금 상환 부담은 고정되어 그대로 유지되기 때문입니다."
generation-for-nlp-687_aug,할인율      명목 금리      총 수요,"{'question': '질문: 긴축 통화 정책이 시행될 때 경제의 총 수요에 미치는 영향은 무엇인가요?', 'choices': ['총 수요 증가', '총 수요 감소', '총 수요 유지', '총 수요 변동 없음', '총 수요 불확실'], 'answer': 2}",,"긴축 통화 정책은 중앙은행이 금리를 인상하여 통화 공급을 조절함으로써 인플레이션을 억제하려는 노력을 의미합니다. 금리 인상이 소비와 투자를 줄여 총 수요를 감소시키는 경향을 보입니다. 예를 들어, 1980년대 미국의 긴축 통화 정책은 인플레이션을 낮추었으며, 이는 총 수요 감소로 이어졌습니다."
generation-for-nlp-688_aug,총 공급 곡선이 왼쪽으로 이동하면 균형 물가 수준과 균형 산출량은 어떻게 되겠습니까? 총 공급 곡선이 위로 기울어진다고 가정합니다.,"{'question': '질문: 총 공급 곡선이 왼쪽으로 이동할 때 생산자들의 최저 생산 비용은 어떻게 영향을 받을까요?', 'choices': ['생산 비용이 증가한다.', '생산 비용이 감소한다.', '생산 비용에 변화가 없다.', '생산 비용이 불규칙하게 변동한다.', '생산 비용이 안정화된다.'], 'answer': 1}",,"총 공급 곡선의 leftward 이동은 일반적으로 생산 비용의 증가를 나타내며, 이는 기업들이 제품을 생산하기 위한 더 높은 비용을 필요로 함을 의미합니다. 예를 들어, 원자재 가격 상승이나 노동 비용 증가가 이러한 현상을 초래할 수 있습니다."
generation-for-nlp-689_aug,시중 은행이 초과 지급 준비금을 저축하지 않고 지급 준비금 요건이 20%라고 가정합니다.,"{'question': '질문: 은행에서 지급 준비금을 저축하지 않고 최대 대출 가능 금액이 3000달러일 때, 은행이 보유해야 할 지급 준비금은 얼마입니까?', 'choices': ['600달러', '750달러', '900달러', '1000달러', '1200달러'], 'answer': 1}",,"지급준비율이 20%인 상황에서 은행의 최대 대출 가능 금액이 3000달러일 경우, 지급 준비금은 전체 대출의 20%여야 합니다. 따라서 최대 대출액 3000달러에 비례하여 계산해 보십시오."
generation-for-nlp-690_aug,지급준비율이 10%라고 가정하겠습니다.,"{'question': '질문: 지급준비율이 10%일 때, 통화 공급량이 증가하는 상황은 어떤 경우에 발생할 수 있습니까?', 'choices': ['연준이 국채를 매입할 때', '은행들이 대출을 늘릴 때', '경제가 불황을 겪을 때', '세금이 인상될 때', '정부가 지출을 줄일 때'], 'answer': 1}",,"지급준비율이 10%인 경우, 연준이 국채를 매입하면 은행의 준비금이 증가하고, 이를 통해 대출 가능 금액도 증가하여 통화 공급량이 늘어납니다."
generation-for-nlp-691_aug,단기 총 공급 곡선이 수평인 경우 그 이유는 다음과 같습니다.,"{'question': '질문: 단기 총 공급 곡선이 수평 상황에서 나타날 수 있는 특징은 무엇인가요?', 'choices': ['유휴 자원의 존재로 인해 생산량을 증대할 수 있다.', '생산량 증가에 따라 필수적으로 가격이 상승한다.', '단기 총 공급이 항상 수직선을 이룬다.', '임금이 즉시 시장에서 조정된다.', '모든 산업 부문에서 동일한 조정 속도를 보여준다.'], 'answer': 1}",,"단기 총 공급 곡선이 수평인 경우, 경제 내 유휴 자원이 존재하여 생산량을 증가시키면서도 가격을 올리지 않을 수 있는 상황을 의미합니다. 이는 기업들이 자원을 효율적으로 활용할 수 있을 때 나타나는 경향입니다."
generation-for-nlp-692_aug,재정 정책     통화 정책,"{'question': '질문: 다음 중 확장적 재정 정책과 긴축적 통화 정책의 조합을 나타내는 것은 어느 것입니까?', 'choices': ['세금 인하 \xa0\xa0\xa0\xa0국채 매각', '정부 지출 증가 \xa0\xa0\xa0\xa0지급 준비율 감소', '세금 인크 \xa0\xa0\xa0\xa0국채 매입', '정부 지출 감소 \xa0\xa0\xa0\xa0금리 인상', '세금 인하 \xa0\xa0\xa0\xa0통화 공급 감소'], 'answer': 4}",,"확장적 재정 정책은 정부가 지출을 늘리거나 세금을 낮추어 경제를 활성화하려는 방법입니다. 반면, 긴축적 통화 정책은 중앙은행이 금리를 올리거나 통화 공급을 줄여 경제의 과열을 억제하는 방법입니다. 이러한 조합은 정부가 경제 성장을 지원하기 위해 재정 지출을 늘리는 동시에, 통화 당국이 물가 상승이나 자산 버블을 방지하기 위해 금리를 인상하는 상황을 나타냅니다."
generation-for-nlp-693_aug,사람들이 가까운 시일 내에 특정 제품의 가격이 인상될 것으로 예상하는 경우,"{'question': '질문: 특정 제품의 가격이 오를 것으로 예상되는 상황에서 소비자들이 어떤 행동을 취할 가능성이 높은가?', 'choices': ['소비자들은 해당 제품을 구입하지 않을 것이다.', '소비자들은 해당 제품을 미리 구입하려고 할 것이다.', '소비자들은 가격 인상을 기다릴 것이다.', '소비자들은 다른 대체 상품을 구매할 것이다.', '소비자들은 가격에 영향을 받지 않는다.'], 'answer': 2}",,"제품 가격이 오를 것으로 예상될 때, 소비자들은 현재 가격이 낮은 시점에 제품을 구매하려는 경향이 있습니다. 이는 가격 인상에 대한 기대가 수요를 증가시키는 요인으로 작용할 수 있음을 뜻합니다."
generation-for-nlp-694_aug,DVD 플레이어가 일반 재화이고 경쟁 시장에서 교환된다고 가정하겠습니다.,"{'question': '질문: 경쟁 시장에서 DVD 플레이어의 가격이 하락하게 되면 소비자들은 어떤 반응을 보일까요?', 'choices': ['수요량이 증가하고 공급량이 감소한다.', '수요량이 감소하고 공급량이 증가한다.', '수요량이 증가하고 공급량도 증가한다.', '수요량이 증가하고 거래량은 변화하지 않는다.', '수요량 변화는 없고 가격만 하락한다.'], 'answer': 3}",,"가격이 하락하면 소비자들은 보다 많은 DVD 플레이어를 구매할 유인을 느끼며, 이는 수요량이 증가하게 됩니다. 동시에 가격이 낮아지면 제조사들은 더 많은 판매를 위해 공급량을 늘릴 가능성이 큽니다. 이러한 상황은 DVD 플레이어와 같은 일반 재화에 대한 시장 반응을 나타냅니다."
generation-for-nlp-695_aug,케인스주의 이론에 따르면 통화 공급 감소는,"{'question': '질문: 케인스주의에 따르면 통화 공급이 늘어날 경우 예상되는 결과는 무엇인가요?', 'choices': ['실업률이 증가하고 소비가 감소한다.', '대출이 어렵고 금리가 상승한다.', '경기가 회복되고 소비가 증가한다.', '정부의 재정정책이 불필요해진다.', '기업의 투자가 감소하고 경기 침체가 온다.'], 'answer': 3}",,"케인스는 통화 공급이 늘어나면 소비와 투자가 증가하고, 이로 인해 총수요가 상승하여 경제가 활성화된다고 보았습니다. 이는 경제 성장을 촉진하고 실업률을 줄이는 데 기여할 수 있습니다."
generation-for-nlp-696_aug,통화론자 이론에 따르면 통화 공급이 변경되면,"{'question': '질문: 통화 공급이 감소하면 경제에 미치는 영향은 무엇인가요?', 'choices': ['소비와 투자가 증가하여 경제가 활성화된다.', '통화 가치가 급격히 하락한다.', '경기 침체를 초래할 수 있다.', '고용이 증가하고 실업률이 낮아진다.', '인플레이션이 급격히 상승한다.'], 'answer': 3}",,"통화 공급이 줄어들면 사람들의 소비와 기업의 투자가 감소하여 경제 전반이 위축될 수 있으며, 그 결과로 경기 침체가 발생할 수 있습니다."
generation-for-nlp-697_aug,실질 GDP     물가 수준     실업,"{'question': '질문: AD와 AS의 모델을 활용했을 때, 정부가 세금을 인하할 경우 단기적으로 실질 GDP에 미치는 영향과 물가 수준은 어떻게 변화할까요?', 'choices': ['증가 \\xa0\\xa0\\xa0 감소 \\xa0\\xa0\\xa0 감소', '감소 \\xa0\\xa0\\xa0 증가 \\xa0\\xa0\\xa0 증가', '증가 \\xa0\\xa0\\xa0 증가 \\xa0\\xa0\\xa0 감소', '감소 \\xa0\\xa0\\xa0 감소 \\xa0\\xa0\\xa0 증가', '증가 \\xa0\\xa0\\xa0 증가 \\xa0\\xa0\\xa0 증가'], 'answer': 5}",,"정부의 세금 인하는 가처분 소득을 증가시켜 소비를 촉진시킵니다. 이는 총수요(AD)를 증가시키고, 따라서 실질 GDP도 상승하게 되며, 물가 수준 또한 상승할 가능성이 높은데, 이는 경제의 전반적인 활성화로 이어질 수 있습니다."
generation-for-nlp-698_aug,고전적 분석에 따르면 경기 침체기에 있는 경제는 다음을 통해 완전 고용 상태로 돌아갈 수 있습니다.,"{'question': '질문: 경기 침체기를 극복하기 위해 정부가 사용할 수 있는 정책은 무엇인가요?', 'choices': ['세금 인상', '통화 긴축 정책', '정부 지출 감소', '재정 정책 확대', '금리 인상'], 'answer': 4}",,"경제학에서는 경기 침체에 대응하기 위해 정부의 재정 정책이 중요하다고 강조합니다. 정부 지출을 늘리는 것은 경기를 부양하고 일자리를 창출하는 데 도움이 될 수 있습니다. 케인즈 학파의 이론에 따르면, 이러한 방법은 장기적으로 경제 회복에 긍정적인 영향을 미칠 수 있습니다."
generation-for-nlp-699_aug,"GDP는 1,000만 달러, 소비자 지출은 600만 달러, 정부 지출은 300만 달러, 수출은 200만 달러, 수입은 300만 달러입니다.","{'question': '질문: 소비자 지출과 정부 지출을 합한 총액은 얼마입니까?', 'choices': ['800백만 달러', '900백만 달러', '1,000백만 달러', '700백만 달러', '600백만 달러'], 'answer': 1}",,"소비자 지출은 600만 달러, 정부 지출은 300만 달러입니다. 이 둘을 합산하면 총 소비자 및 정부 지출이 됩니다. 따라서 \[ \text{소비자 지출} + \text{정부 지출} = 600 + 300 \]으로 문제를 해결할 수 있습니다."
generation-for-nlp-701_aug,재정 정책     통화 정책,"{'question': '질문: 경기 침체를 예방하기 위한 효과적인 정책 조합은 무엇입니까?', 'choices': ['세금 증가. \xa0\xa0\xa0\xa0\xa0\xa0\xa0지출 증가.', '지출 감소. \xa0\xa0\xa0\xa0\xa0\xa0\xa0통화량 감소.', '세금 인하. \xa0\xa0\xa0\xa0\xa0\xa0\xa0지급 준비율 감소.', '지출 증가. \xa0\xa0\xa0\xa0\xa0\xa0\xa0금리 인상.', '세금 증가. \xa0\xa0\xa0\xa0\xa0\xa0\xa0국채 매입.'], 'answer': 3}",,"경기 침체를 예방하기 위해 재정 정책에서는 정부의 세금을 줄이고 소비를 촉진하는 방향으로 나아가는 것이 중요하며, 통화 정책에서는 통화 공급을 늘리거나 지급 준비율을 감소시켜 유동성을 높이는 조치를 취해야 합니다. 이런 정책 조합은 소비와 투자 증대로 이어질 가능성이 높습니다."
generation-for-nlp-703_aug,수년 동안 슈퍼마켓에서 식료품 계산원으로 일했는데 어느 날 셀프 계산대로 대체되었습니다.,"{'question': '질문: 셀프 계산대 도입이 일자리 변화에 미치는 영향은 무엇인가요?', 'choices': ['노동자들의 기술 발전', '신규 채용 증가', '자동화로 인한 일자리 축소', '고용 안정성 증가', '노동 시장의 다각화'], 'answer': 3}",,단락에서는 셀프 계산대 도입으로 인해 기존의 계산원 일자리가 사라졌다고 언급하고 있습니다. 이는 자동화가 진행됨에 따라 노동 수요가 줄어드는 현상을 반영합니다.
generation-for-nlp-704_aug,I. 구축. II. 합리적 기대. III. 균형 예산 수정안 때문에 재정 정책이 항상 효과적인 것은 아니다.,"{'question': '질문: 주요 이론 중 하나로, 정부의 재정 정책이 경제에 미치는 영향이 제한되는 이유는 무엇인가요?', 'choices': ['정부 지출 증가가 민간 소비를 감소시키는 때문이다.', '경제 주체들이 정부의 정책을 예측하고 이에 따라 행동하기 때문이다.', '균형 예산 수정안이 재정 정책의 지속 가능성을 강조하기 때문이다.', '위의 모든 이유가 해당된다.', '재정 정책은 항상 즉각적인 효과를 나타내기 때문이다.'], 'answer': 4}",,"정부의 재정 정책은 경제에 중요한 영향을 미치지만, 경제 주체의 예측 행위와 정부 지출의 효과를 제한하는 '구축' 이론, 그리고 균형 예산 수정안의 중요성이 함께 작용하여 그 효과가 제한될 수 있습니다."
generation-for-nlp-705_aug,지급 준비율이 0.10이고 Mommy Morebucks는 당좌 예금 계좌에서 1백만 달러를 인출하여 냉장고에 현금으로 보관합니다.,"{'question': '질문: Mommy Morebucks가 1백만 달러를 인출했을 때, 해당 은행의 지급 준비금에 어떤 변화가 있을까요?', 'choices': ['1백만 달러 증가', '100,000달러 감소', '1백만 달러 감소', '변동 없음', '900,000달러 증가'], 'answer': 2}",,"지급 준비율이 0.10이라는 것은 은행이 총 예금의 10%를 준비금으로 보유해야 한다는 것을 의미합니다. Mommy Morebucks의 1백만 달러 인출로 인해 은행의 준비금이 감소하고, 그에 따라 준비금이 100,000달러 줄어들게 됩니다."
generation-for-nlp-706_aug,국가 X의 인구는 국가 Y와 정확히 같지만 국가 X가 국가 Y보다 두 배 많은 산출물을 생산합니다.,"{'question': '질문: 국가 X가 국가 Y보다 두 배의 산출물을 생산하는 이유로 가장 유력한 것은 무엇인가요?', 'choices': ['국가 X가 더 많은 자원을 보유하고 있다.', '국가 Y의 기술력이 국가 X보다 뛰어나다.', '국가 X의 노동자는 국가 Y보다 더 적은 시간을 일한다.', '국가 Y의 인구가 국가 X보다 더 많은 다수를 차지한다.', '국가 X의 경제 정책이 더 효과적이다.'], 'answer': 5}",,"국가 X가 국가 Y보다 두 배 많은 산출물을 생산하는 것은 경제 정책의 효율성, 자원 관리, 생산성 향상과 관련이 있습니다. 따라서 경제 정책의 차이가 두 국가의 생산량 차이에 중요한 역할을 할 수 있습니다."
generation-for-nlp-708_aug,통화론자 분석에 따르면 통화 공급 감소는,"{'question': '질문: 통화 공급이 감소하는 상황에서 기업들이 가장 겪을 가능성이 높은 문제는 무엇인가요?', 'choices': ['자금 조달 비용 감소', '고용 증가', '자금 조달 비용 증가', '소비자 지출 증가', '생산성 향상'], 'answer': 3}",,"통화 공급 감소는 일반적으로 실질 이자율을 상승시키고, 이로 인해 기업의 자금 조달 비용이 증가하며, 소비와 투자가 위축될 가능성이 큽니다. 이는 기업들이 필요로 하는 자금을 얻는 데 어려움을 겪을 수 있음을 의미합니다."
generation-for-nlp-710_aug,은행의 대차 대조표에 초과 준비금이 있는 것으로 표시되는 경우,"{'question': '질문: 은행의 대차 대조표에서 초과 준비금이 많은 상황이 나타나는 주된 이유는 무엇인가요?', 'choices': ['중앙은행의 금리가 상승했기 때문이다.', '고객들의 예금이 급증했기 때문이다.', '대출 수요가 감소했기 때문이다.', '법정 준비금 기준이 높아졌기 때문이다.', '은행의 자산 포트폴리오가 다양화되었기 때문이다.'], 'answer': 3}",,초과 준비금은 은행이 법정 준비금보다 더 많은 자금을 보유하고 있는 상황을 의미합니다. 이는 일반적으로 대출 수요가 감소하거나 경제 불확실성이 클 때 은행이 너무 많은 유동성을 보유하게 되는 경우에 해당합니다.
generation-for-nlp-712_aug,특정 상품에 대한 수요가 감소하는 동시에 공급이 증가한다고 가정하겠습니다.,"{'question': '질문: 수요 감소와 공급 증가가 시장에 미치는 영향은 무엇인가요?', 'choices': ['수요 감소와 공급 증가 모두 시장 가격을 상승시킨다.', '수요 감소로 인해 공급이 늘어나면 거래량이 반드시 줄어든다.', '수요가 감소하고 공급이 증가하면 시장은 과잉 공급 상태에 이르게 된다.', '공급 증가는 수요 감소와 관계없이 가격에 영향을 미치지 않는다.', '수요와 공급의 변화가 없을 경우 거래량은 항상 일정하다.'], 'answer': 3}",,"수요가 감소하고 공급이 증가하면 과잉 공급 현상이 나타나며, 이는 시장 가격을 떨어뜨릴 뿐만 아니라 균형 거래량에도 영향을 미치는 방식으로 작용합니다. 이러한 현상은 경제학의 기본 법칙 중 하나로, 특정 시장 상황에서 자주 발생하는 현상입니다."
generation-for-nlp-713_aug,미국 경제는 현재 경기 침체기를 겪고 있으며 예산 적자가 존재합니다.,"{'question': '질문: 미국의 경기 침체기 동안 예산 적자가 증가하는 이유는 무엇인가요?', 'choices': ['정부의 세금 인상으로 소비가 감소하기 때문', '정부의 지출 증가와 세금 인하가 동시에 이루어지기 때문', '수출 증가로 인해 세수가 증가하기 때문', '기업들의 투자가 늘어나면서 세수가 증가하기 때문', '실업률 감소로 인해 세수가 증가하기 때문'], 'answer': 2}",,"경기 침체기에는 정부가 경제를 자극하기 위해 지출을 늘리거나 세금을 줄이는 경향이 있으며, 이러한 조치로 인해 예산 적자가 확대될 수 있습니다."
generation-for-nlp-714_aug,미국 달러와 유럽연합(EU)의 유로화는 글로벌 통화 시장에서 교환됩니다.,"{'question': '질문: 미국 달러와 유로화의 교환에 영향을 미치는 주요 요인은 무엇입니까?', 'choices': ['두 통화 간의 정치적 긴장', '두 통화 소속 국가의 기후 변화', '대륙의 인구 밀도', '소비자 선호도 변화', '연간 관광객 수'], 'answer': 1}",,미국 달러와 유로화의 가치 변동은 경제적 요인뿐만 아니라 정치적 요인에도 크게 영향을 받습니다. 특히 두 통화가 사용되는 국가 간의 정치적 안정성이나 긴장 상태가 환율에 중요한 역할을 합니다.
generation-for-nlp-715_aug,노동 통계국이 소비자 물가 지수를 계산하는 데 사용하는 재화 및 용역 비용이 기준 기간의 200달러에서 현재 기간의 400달러로 상승하면 소비자 물가 지수는 다음과 같이 계산됩니다.,"{'question': '질문: 소비자 물가 지수의 변화가 경제에 미치는 영향은 무엇인가?', 'choices': ['CPI가 상승하면 구매력이 증가한다.', 'CPI가 상승하면 인플레이션을 나타낸다.', 'CPI가 하락하면 경제 성장률이 상승한다.', 'CPI는 임금 조정을 방지하는 역할을 한다.', 'CPI는 시민의 여론을 조사하는 데 사용된다.'], 'answer': 2}",,"소비자 물가 지수(CPI)는 특정 기간에 소비자가 구입하는 재화와 용역의 가격 변화를 측정하는 지표로, 주로 인플레이션의 수준을 나타내며 다양한 경제 정책 결정에 중요합니다."
generation-for-nlp-716_aug,연준이 유통 시장에서 채권을 매입하는 경우,"{'question': '질문: 연준이 유통 시장에서 채권을 매입할 때 어떤 경제적 효과를 기대할 수 있는가?', 'choices': ['주식 시장이 하락할 것이다.', '기업의 대출 조건이 악화될 것이다.', '소비자와 기업의 신뢰가 증대될 가능성이 있다.', '외환 시장이 불안정해질 것이다.', '실업률이 즉각적으로 증가할 것이다.'], 'answer': 3}",,연준의 채권 매입은 경제의 유동성을 늘리고 이자율을 낮추어 소비와 투자를 촉진하게 됩니다. 이러한 환경은 일반적으로 소비자와 기업의 신뢰도를 높여 경제 활동을 활성화하는 데 기여합니다.
generation-for-nlp-717_aug,인기 TV 쇼의 한 재무 설계사가 더 많은 미국인들이 은퇴를 위해 저축할 것을 설득합니다.,"{'question': '질문: 미국인들이 은퇴를 위해 저축하는 것이 경제에 미치는 영향은 무엇인가요?', 'choices': ['소비 지출이 증가한다.', '시장의 자본 공급이 줄어든다.', '대출 이자율이 상승한다.', '장기적으로 경제 성장에 긍정적인 영향을 미칠 수 있다.', '주식 시장이 하락한다.'], 'answer': 4}",,"미국인들이 더 많이 저축하게 되면, 이는 대출 가능한 자금의 증가로 이어져 경제에 긍정적인 영향을 가져올 수 있으며, 특히 투자 자본이 증가하여 경제 성장을 촉진할 수 있습니다."
generation-for-nlp-718_aug,달러 가치     미국 수출,"{'question': '질문: 미국의 금리 인상이 달러 가치와 수출에 미치는 영향은 다음 중 무엇일까요?', 'choices': ['증가 \xa0\xa0\xa0감소', '감소 \xa0\xa0\xa0증가', '증가 \xa0\xa0\xa0변동 없음', '감소 \xa0\xa0\xa0감소', '증가 \xa0\xa0\xa0증가'], 'answer': 1}",,"미국의 금리 인상이 진행되면 고금리를 적용받는 달러 자산에 대한 투자 유입이 증가하게 됩니다. 이는 일반적으로 달러 가치를 높이고, 결과적으로 미국 제품의 가격이 해외에서 비싸져 수출에 부정적인 영향을 미칠 수 있습니다."
generation-for-nlp-719_aug,필름을 사진으로 현상하는 암실 기술자는 더 이상 필름 카메라를 사용하는 사람이 거의 없어 일자리를 잃었습니다.,"{'question': '질문: 필름 카메라의 사용 감소가 어떤 문제를 초래했나요?', 'choices': ['노동 시장의 공급 과잉', '소비자 이미지 품질 저하', '전통 기술자의 고용 감소', '촬영 비용 증가', '인공지능 사진 기술 발전'], 'answer': 3}",,"이 지문에서는 필름 카메라의 사용이 줄어들면서 암실 기술자와 같은 특정 직업의 수요가 감소함을 보여줍니다. 이는 기술 발전이 기존 직업의 필요성을 줄이고, 해당 직업군의 고용 감소를 초래하는 현상입니다."
generation-for-nlp-720_aug,한 국가의 정부는 균형 잡힌 예산을 유지하기 위해 정부 지출과 세금을 같은 금액으로 늘리기로 결정합니다. MPC는 0.75입니다.,"{'question': '질문: 정부의 지출과 세금을 증가시킨 결과, 이 경제 상황에서 예상되는 소비의 변화는 무엇인가요?', 'choices': ['소비가 증가한다.', '소비가 감소한다.', '소비는 변화가 없다.', '소비가 불균형해진다.', '소비자가 저축을 늘린다.'], 'answer': 1}",,"정부가 지출을 늘리고 세금을 같은 비율로 증가시키면, 소비자들은 추가 소득의 75%를 소비에 사용할 것이라고 예상할 수 있습니다. 따라서, 정부 정책에 따라 전반적인 소비가 증가하는 경향이 있음을 고려해야 합니다."
generation-for-nlp-721_aug,달러화 시장     달러의 가치,"{'question': '질문: 미국의 금리가 상승하면 달러화 시장에 어떤 영향을 미칠까요?', 'choices': ['달러의 수요가 증가한다.', '달러의 공급이 감소한다.', '달러의 가치가 하락한다.', '달러의 공급이 증가한다.', '달러의 수요가 감소한다.'], 'answer': 1}",,"금리가 상승하면 일반적으로 투자자들이 고수익을 추구해 달러 자산에 대한 투자 수요가 늘어나게 됩니다. 이로 인해 달러화의 수요가 증가하고, 결과적으로 달러의 가치가 상승하는 경향이 있습니다."
generation-for-nlp-722_aug,고전적인 총 공급 곡선을 가정합니다.,"{'question': '질문: 총 공급 곡선이 오른쪽으로 이동하는 이유는 무엇인가요?', 'choices': ['생산비용의 감소', '공급자의 감소', '정부의 새로운 규제 시행', '자원 고갈', '소비자 수요 증가'], 'answer': 1}",,"총 공급 곡선이 오른쪽으로 이동하는 것은 공급이 증가하는 상황을 나타내며, 이는 일반적으로 생산 비용이 감소하거나 기술 혁신 등이 발생했을 때 일어납니다. 생산자들은 같은 가격 수준에서 더 많은 상품을 공급할 수 있게 되어 균형 가격은 하락하고 균형 생산량은 증가하게 됩니다."
generation-for-nlp-723_aug,국가 B가 동일한 재화를 생산하는 것보다 국가 A가 더 낮은 기회 비용으로 재화를 생산할 수 있다면,"{'question': '질문: 국가 A가 국가 B보다 재화 생산에서 더 효율적으로 자원을 활용할 수 있다면, 다음 중 가장 올바른 판단은 무엇인가요?', 'choices': ['국가 A는 자원의 활용 측면에서 국가 B보다 유리하다.', '국가 B는 해당 재화의 생산에서 더 낮은 기회 비용을 가진다.', '국가 A는 생산되는 재화의 양이 더 많기 때문에 생산에서 우위를 점하고 있다.', '국가 B는 해당 재화의 절대 우위를 점하고 있다.', '국가 A와 국가 B는 모두 같은 비용으로 재화를 생산할 수 있다.'], 'answer': 1}",,"효율적인 자원 활용은 기회 비용을 줄이는 데 기여하며, 이는 각 국가의 비교우위 형성에 중요한 요소입니다. 국가 A가 자원을 보다 효율적으로 활용할 수 있다면, 이는 A가 B보다 해당 재화의 생산에서 유리하다는 것을 나타냅니다."
generation-for-nlp-724_aug,선출직 공무원과 중앙은행이 인플레이션의 위협을 줄이기 위해 재정 정책과 통화 정책을 결합하기로 합의했다고 가정하겠습니다.,"{'question': '질문: 인플레이션을 줄이기 위해 선출직 공무원과 중앙은행이 합의할 수 있는 통화 정책의 예시는 무엇인가요?', 'choices': ['정부 지출 증가', '준비금 비율 감소', '할인율 인상', '세금 인하', '국채 매각'], 'answer': 3}",,"통화 정책에서 중앙은행은 금리를 조정하여 경제 전반에 영향을 미칩니다. 금리를 인상하면 대출 비용이 증가해 소비자와 기업의 지출이 줄어들며, 이는 인플레이션을 억제하는 데 도움이 됩니다."
generation-for-nlp-725_aug,케빈은 신발을 원하고 순무를 재배합니다. 리사는 순무를 원하고 판금을 만듭니다. 밥은 판금을 원하고 신발을 만듭니다.,"{'question': '질문: 이 단락에서 각 사람이 원하는 상품을 얻기 위해 가장 필요한 것이 무엇인가요?', 'choices': ['생산 재료', '적절한 거래 수단', '가격 협상 능력', '대량 생산 기술', '시장 조사 능력'], 'answer': 2}",,"케빈, 리사, 밥은 서로 다른 상품을 원하면서도 직접 거래를 하기 위한 수단이 마련되어 있지 않습니다. 따라서 그들이 원하는 상품을 교환하기 위해서는 적절한 거래 수단이 필요합니다."
generation-for-nlp-726_aug,가계가 금융 자산으로 미국 국채에 대한 수요를 늘린다고 가정하겠습니다.,"{'question': '질문: 미국 국채의 수요 증가가 자금 시장에 미치는 영향은 무엇인가요?', 'choices': ['자산 가격 상승, 금리 상승', '자산 가격 하락, 금리 하락', '자산 가격 상승, 금리 하락', '자산 가격 하락, 금리 상승', '자산 가격 변동 없음, 금리 변동 없음'], 'answer': 3}",,"가계가 미국 국채에 대한 수요를 증가시키면, 이는 국채 가격을 상승시키고, 결과적으로 국채의 수익률은 하락합니다. 시장에서는 이러한 국채 수익률의 하락이 자금 시장의 금리 하락으로 이어질 수 있습니다."
generation-for-nlp-727_aug,총 공급 곡선이 위로 기울어진다고 가정합니다.,"{'question': '질문: 총 공급 곡선의 변화가 경기 회복에 미치는 영향은 무엇인가요?', 'choices': ['총 공급 곡선이 오른쪽으로 이동하면 생산량은 감소한다.', '총 공급 곡선이 오른쪽으로 이동하면 물가 수준이 상승한다.', '총 공급 곡선이 왼쪽으로 이동하면 균형 생산량이 증가한다.', '총 공급 곡선이 오른쪽으로 이동하면 균형 물가 수준과 균형 생산량이 모두 증가한다.', '총 공급 곡선이 오른쪽으로 이동하면 소비자 신뢰와 무관하게 생산량은 증가한다.'], 'answer': 4}",,"총 공급 곡선이 위로 기울어져 있다는 것은 가격의 상승에 따라 생산자가 공급할 수 있는 상품의 양이 증가함을 의미합니다. 따라서 총 공급 곡선이 오른쪽으로 이동하면 생산량이 증가하게 되고, 동시에 수요와의 상호작용으로 물가 수준도 상승하는 경향이 있습니다."
generation-for-nlp-728_aug,대출 가능한 자금 시장     금리,"{'question': '질문: 높은 수준의 소비자 신뢰가 대출 금리에 미치는 영향은 무엇일까요?', 'choices': ['금리가 하락한다', '금리가 변동하지 않는다', '금리가 상승한다', '대출 승인이 더 어려워진다', '대출 조건이 더욱 엄격해진다'], 'answer': 3}",,"소비자 신뢰가 높으면 대출을 원하는 경향이 증가하여, 이에 따라 금융 기관들은 더욱 높은 금리를 요구할 가능성이 큽니다. 이는 대출 가능한 자금 시장에서 대출 수요의 증가로 인해 금리가 상승하는 현상으로 이어질 수 있습니다."
generation-for-nlp-729_aug,미국은 경쟁 시장에서 쌀을 생산합니다. 자유 무역으로 인해 세계 가격이 국내 가격보다 낮습니다.,"{'question': '질문: 쌀 생산에 있어 미국이 국제적인 가격 경쟁에서 겪는 어려움은 무엇인가요?', 'choices': ['미국은 쌀 생산을 확대하기 위해 농업 기술을 혁신하고 있다.', '미국은 국내 가격이 낮아지면서 쌀 수출을 증가시키고 있다.', '미국은 세계 가격이 낮아져 국내 시장에서 이익을 얻기 힘들다.', '미국은 쌀 생산을 위해 정부의 지원을 줄이고 있다.', '미국은 쌀 재배지의 면적을 감소시키고 있다.'], 'answer': 3}",,"지문에서는 세계 가격이 미국의 국내 가격보다 낮다고 언급하고 있습니다. 이는 미국의 쌀 생산업체들이 국내 시장에서 경쟁력을 갖추지 못하고 있다는 것을 시사하며, 이에 따라 쌀 생산에 어려움을 겪고 있음을 나타냅니다."
generation-for-nlp-730_aug,물가 수준이 상승하면 경제의 총 지출이 감소하는 이유는 다음과 같습니다. I. 소비자의 소득이 물가 상승으로 인해 더 이상 늘어날 수 없기 때문이다. II. 외국인이 줄어들기 때문이다. III. 물가가 오르면 금리가 높아져 지출이 감소하기 때문이다.,"{'question': '질문: 물가 상승이 소비자에게 미치는 영향을 설명하는 것은 무엇인가?', 'choices': ['소비자의 실질 소득이 감소한다.', '기업의 생산비용이 감소한다.', '외국인의 소비가 증가한다.', '금리가 낮아져 소비가 유도된다.', '전체 소비자 수가 증가한다.'], 'answer': 1}",,"물가 상승은 소비자의 소득을 감소시키는 효과가 있으며, 이는 가용 소비 여력을 제한하게 됩니다. 특히, 소비자의 명목 소득이 일정할 경우 물가 상승은 실질적인 구매력을 감소시킵니다."
generation-for-nlp-732_aug,실업률이 6%에서 5%로 떨어지고 물가 상승률이 3%에서 2%로 떨어진다고 가정하겠습니다.,"{'question': '질문: 실업률과 물가 상승률이 동시에 감소하는 상황에서 예상할 수 있는 경제적 영향은 무엇인가요?', 'choices': ['소비자 신뢰도 증가', '정부의 재정적자 확대', '외환 시장의 불안정성', '저축률의 감소', '기업의 투자 감소'], 'answer': 1}",,"실업률과 물가 상승률이 동시에 감소하는 것은 경제가 안정적으로 성장하고 있음을 나타내며, 이는 소비자와 기업의 신뢰를 높여주어 소비와 투자를 촉진할 가능성이 있습니다."
generation-for-nlp-733_aug,달러에 대한 수요가 증가하고 달러 공급이 감소하면,"{'question': '질문: 달러에 대한 수요 증가와 공급 감소가 기업의 수출 활동에 미치는 영향은 무엇인가?', 'choices': ['수출 기업의 경쟁력이 향상된다.', '수출 비용이 줄어들어 이익이 증가한다.', '수출 기업의 경쟁력이 악화된다.', '수출 자연 증가로 국내 경제에 긍정적 영향을 미친다.', '수출 시장이 안정된다.'], 'answer': 3}",,"달러의 공급이 줄어들고 수요가 늘어나면 달러의 가치가 상승하게 됩니다. 이는 해외 시장에서 자국 화폐로 계산한 수출 가격이 비싸지므로, 수출 기업의 경쟁력이 악화되는 결과를 가져올 수 있습니다."
generation-for-nlp-734_aug,화폐 수량설에 따르면 화폐 공급을 늘리면,"{'question': '질문: 화폐 수량설에 의하면 화폐 공급이 증가하는 경우 경제에 미치는 장기적 영향은 무엇인가요?', 'choices': ['화폐 공급 증가가 절대적으로 경제성장에 기여하며 실업률이 급격히 감소한다.', '물가 수준이 상승하여 인플레이션이 발생할 수 있으며, 구매력이 감소한다.', '생산성과 고용이 안정적으로 증가하고, 경제적 불균형이 해소된다.', '화폐의 유통 속도가 높아져 자연스럽게 경제가 활성화된다.', '통화량 증가가 재정 정책의 효율성을 낮춘다.'], 'answer': 2}",,"화폐 수량설은 화폐 공급의 변화가 물가 수준에 미치는 영향을 설명하며, 통화 공급이 증가하면 물가도 상승할 수 있다는 점에서 인플레이션의 발생 가능성을 언급합니다."
generation-for-nlp-735_aug,한 국가에서 매년 예산 흑자가 발생하고 이 흑자 중 일부를 국가 부채의 일부를 상환하는 데 사용한다고 가정하겠습니다.,"{'question': '질문: 국가가 매년 예산 흑자를 발생시키며 부채 상환에 일부를 사용했을 때, 어떤 긍정적인 효과를 기대할 수 있습니까?', 'choices': ['대외 신뢰도 상승', '세금 인상 필요성 증가', '공공 서비스 질 저하', '국가 경제 성장 둔화', '국가 자산 감소'], 'answer': 1}",,"예산 흑자가 발생하면 이는 정부의 재정 건전성을 나타내며, 대외적으로 신뢰를 증대시킬 수 있습니다. 높은 신뢰도는 외국 투자자들의 투자를 유치하고, 국가의 기후, 외교 및 경제적 안정성을 향상시킬 수 있습니다."
generation-for-nlp-737_aug,케인스주의 분석에 따르면 대공황은 다음과 같은 원인으로 인해 발생했습니다.,"{'question': '질문: 케인스주의에 따르면 대공황을 극복하기 위한 정부의 역할은 무엇인가?', 'choices': ['금리를 인상하여 저축을 장려해야 한다.', '정부의 재정 정책을 통해 총수요를 증가시켜야 한다.', '외환 시장에 개입하여 환율을 안정시켜야 한다.', '기업의 투자를 증가시켜야 한다.', '세금을 줄여 개인 소비를 촉진해야 한다.'], 'answer': 2}",,케인스는 대공황이 발생했을 때 정부가 총수요를 증대시키기 위해 적극적으로 개입해야 한다고 주장했습니다. 이는 소비자와 기업의 신뢰 회복을 통해 경제를 활성화하기 위함입니다.
generation-for-nlp-738_aug,금리     신규 주택     실업률,"{'question': '질문: 정부가 경제 성장을 촉진하기 위해 금리를 인하하고자 할 때, 신규 주택 시장과 실업률에 미치는 영향은 어떻게 예상할 수 있습니까?', 'choices': ['증가 \xa0\xa0\xa0감소 \xa0\xa0\xa0감소', '감소 \xa0\xa0\xa0증가 \xa0\xa0\xa0증가', '증가 \xa0\xa0\xa0증가 \xa0\xa0\xa0감소', '감소 \xa0\xa0\xa0감소 \xa0\xa0\xa0증가', '증가 \xa0\xa0\xa0감소 \xa0\xa0\xa0증가'], 'answer': 1}",,금리 인하는 대출 비용을 낮춰주기 때문에 소비자들의 신규 주택 구입을 촉진할 수 있습니다. 주택 수요가 증가하면 건설업체의 활동도 활발해져 실업률은 감소하는 경향이 있습니다. 이러한 과정은 경제 전반에 긍정적인 영향을 미칠 수 있습니다.
generation-for-nlp-739_aug,지급 준비율이 10%이고 연준이 시중 은행으로부터 100만 달러의 국채를 매입한다고 가정하겠습니다.,"{'question': '질문: 연준의 국채 매입이 은행의 유동성에 미치는 영향은 무엇입니까?', 'choices': ['유동성이 감소하여 금리가 상승한다.', '유동성이 증가하여 금리가 하락한다.', '유동성에 변화가 없어 금리가 유지된다.', '유동성이 증가하나 금리는 안정적으로 유지된다.', '유동성이 감소하더라도 금리는 계속해서 하락한다.'], 'answer': 2}",,"연준이 국채를 매입하면 은행의 보유 자산과 유동성이 증가하고, 이는 시장에 더 많은 자금이 유통되도록 촉진합니다. 이 과정에서 금리는 일반적으로 하락하는 경향이 있습니다."
generation-for-nlp-740_aug,"1990년에 1인당 실질 GDP가 10,000달러이고 2000년에 15,000달러였다면,","{'question': '질문: 1990년과 2000년 사이에 1인당 실질 GDP가 증가한 원인은 무엇일 수 있을까요?', 'choices': ['물가 상승', '해외 투자 증가', '정부의 소비 감소', '수출 감소', '인구 감소'], 'answer': 2}",,"경제 성장률은 GDP의 변동을 반영하며, 특정 기간 동안 GDP의 증가 원인은 다양한 요인에 의해 영향을 받을 수 있습니다. 1990년에서 2000년 사이에 1인당 실질 GDP가 증가했다면 이는 대외 무역, 투자, 소비 등에서 긍정적인 변화를 의미할 수 있습니다."
generation-for-nlp-742_aug,경제가 심각한 불황에 빠져 있습니다.,"{'question': '질문: 경제 불황 시 정부가 취할 수 있는 재정 정책의 예로 가장 적절한 것은 무엇입니까?', 'choices': ['세금을 인상하여 정부의 수입을 늘린다.', '정부 지출을 줄여서 재정 적자를 감소시킨다.', '대규모 공공사업을 통해 일자리를 창출한다.', '민간 부문에 대한 규제를 강화하여 시장 안정화를 꾀한다.', '금리를 인상하여 소비를 억제한다.'], 'answer': 3}",,경제가 심각한 불황에 빠졌을 때 정부는 소비와 투자를 촉진하기 위해 재정 지출을 늘리는 경향이 있습니다. 대규모 공공사업은 일자리 창출과 함께 경제 활성화의 효과를 가져올 수 있습니다.
generation-for-nlp-743_aug,지난 1년 동안 미국의 물가 수준이 상승했지만 재화와 용역의 생산량은 일정하게 유지되었다고 가정하겠습니다.,"{'question': '질문: 지난 1년 동안 물가 상승에도 불구하고 생산량이 일정하게 유지될 때, 이는 경제에 어떤 영향을 미칠 수 있습니까?', 'choices': ['물가 인하 효과를 가져온다.', '소비자 물가가 안정적으로 유지된다.', '생산 비용이 증가하여 기업의 이윤이 감소할 수 있다.', '모든 재화와 용역의 수요가 급락한다.', '생산자들이 시장에서 경쟁력을 잃는다.'], 'answer': 3}",,"물가가 상승하면서 생산량이 일정하게 유지된다는 것은 생산비가 증가할 가능성을 내포하고 있습니다. 기업들은 더 높은 비용을 감당해야 하며, 이는 이윤에 타격을 줄 수 있습니다. 이러한 현상은 일반적으로 스태그플레이션과 연결지어 생각할 수 있습니다."
generation-for-nlp-744_aug,"치즈와 크래커라는 두 가지 상품만 생산하는 경제를 상상해 보겠습니다. 치즈가 파운드당 3달러에 판매되고 10파운드가 생산되는 반면, 크래커는 파운드당 2달러에 판매되고 20파운드가 생산되는 경우.","{'question': '질문: 이 경제에서 치즈와 크래커의 생산 비율은 무엇인가요?', 'choices': ['1:1', '1:2', '3:2', '2:1', '5:1'], 'answer': 4}",,"치즈는 10파운드가 생산되고, 크래커는 20파운드가 생산됩니다. 두 상품의 생산량 비율을 비교하여 산출할 수 있습니다. 이 경우, 크래커의 생산량이 치즈의 생산량의 두 배라는 점에 주의하세요."
generation-for-nlp-745_aug,지난 20년 동안 카메라를 생산하는 기업들은 35mm 카메라 생산량을 줄이고 디지털 카메라 생산량을 늘리기 시작했습니다.,"{'question': '질문: 최근 20년간 카메라 시장의 변화는 무엇을 의미합니까?', 'choices': ['기술 발전이 소비자 선호에 미치는 영향을 보여준다.', '경쟁업체들이 생산 방법을 표준화하고 있음을 나타낸다.', '카메라 생산량이 감소하고 있다는 것을 의미한다.', '소비자들이 가격에 민감해졌다는 것을 반영한다.', '전통적인 카메라의 기능이 혁신적이지 않다는 것을 나타낸다.'], 'answer': 1}",,단락에서 언급된 카메라 생산 변화는 **소비자의 기술 선호 변화**와 깊은 연관이 있습니다. 디지털 카메라의 부각은 기술 발전이 소비자에게 더 나은 사용 경험을 제공하고 있음을 보이는 예시입니다.
generation-for-nlp-746_aug,위로 기울어지는 총 공급 곡선이 있다고 가정합니다.,"{'question': '질문: 만약 정부가 서해안 지역의 플랜트 복구를 위해 대규모 예산 투입을 결정한다면, 이는 균형 물가 수준과 균형 생산량에 어떤 영향을 미칠까요?', 'choices': ['균형 물가 수준이 감소하는 반면 균형 생산량이 증가한다.', '균형 물가 수준과 균형 생산량이 모두 증가한다.', '균형 물가 수준이 증가하고 균형 생산량은 변화가 없다.', '균형 물가 수준과 생산량 모두 감소한다.', '균형 물가 수준이 변화 없고 생산량만 감소한다.'], 'answer': 1}",,정부의 대규모 예산 투입은 공급 증가를 유도할 수 있습니다. 공급이 증가하면 가격이 내려가고 동시에 생산량이 늘어나는 결과를 가져올 수 있습니다. 이는 경제 회복 과정에서 발생할 수 있는 일반적인 현상입니다.
generation-for-nlp-747_aug,"소매가가 100,000달러인 200대의 컴퓨터가 2005년에 국내에서 생산되었지만 2006년까지 판매되지 않았다면 2005년의 GDP는","{'question': '질문: 2005년에 생산된 컴퓨터가 2006년에 판매된다면 2006년의 GDP는 어떻게 될까요?', 'choices': ['2006년에는 생산된 컴퓨터의 가치가 추가로 포함된다.', '2006년의 GDP에는 아무런 영향이 없다.', '2005년의 GDP에서 이미 포함된 금액이 차감된다.', '2006년의 GDP는 2005년과 동일하다.', '2006년에는 이 컴퓨터로 인해 GDP가 두 배 증가한다.'], 'answer': 1}",,"GDP는 연도별로 측정되며, 특정 연도에 생산된 재화의 가치는 그 연도의 경제활동으로 간주됩니다. 따라서 2005년에 생산된 컴퓨터가 2006년에 판매되더라도 2006년의 GDP에는 그 판매 가치가 포함됩니다."
generation-for-nlp-749_aug,수출에 대한 수요는 증가하는 반면 외국 상품에 대한 선호도는 떨어지는 경우.,"{'question': '질문: 외국 상품에 대한 선호도가 감소하는 이유로 가장 적절한 것은?', 'choices': ['국내 제품의 품질이 향상되고 가격이 경쟁력 있게 변모하고 있다.', '해외 경기의 악화로 인해 외국 상품 수입이 줄어들고 있다.', '환율 상승으로 외국 상품의 가격이 저렴해졌다.', '정부의 무역 장벽이 높아지고 있다.', '소비자들이 외국 상품에 대한 관심을 잃었다.'], 'answer': 1}",,"선호도가 떨어지는 배경에는 국내 산업의 발전 및 경쟁력 강화가 있을 수 있습니다. 소비자들은 점점 더 높은 품질과 가성비를 제공하는 국내 제품을 선호하게 되며, 이는 외국 상품의 수요 감소로 이어질 수 있습니다."
generation-for-nlp-750_aug,미국 순 수출     달러의 가치     엔화의 가치,"{'question': '질문: 일본의 상품 수출 증가가 미국 경제에 미치는 영향은 무엇인가요?', 'choices': ['미국의 수출 증가 및 통화가치 상승', '미국의 수출 감소 및 달러 가치 하락', '일본 제품의 경쟁력 감소 및 엔화 가치 하락', '일본 경제와 관계 없이 미국 수출은 항상 일정하다', '미국의 수입 증가 및 엔화와 달러 가치 변동 없음'], 'answer': 2}",,일본의 상품이 증가하면 미국의 제품이 더 비싸게 느껴져 미국의 수출이 감소할 가능성이 높습니다. 또한 엔화의 가치는 상승하는 경향이 있어 달러의 상대적 가치는 하락할 수 있습니다.
generation-for-nlp-751_aug,GDP 디플레이터는 I. 인플레이션율을 계산하는 데 사용된다. II. CPI의 대안이다. III. CPI보다 더 정확하다.,"{'question': '질문: GDP 디플레이터와 관련하여 어떤 주장이 가장 적절한가?', 'choices': ['GDP 디플레이터는 소비자물가의 변동만을 반영한다.', 'GDP 디플레이터는 모든 재화와 서비스의 가격 변화를 종합적으로 반영한다.', 'CPI보다 GDP 디플레이터가 적용 범위가 좁다.', 'GDP 디플레이터는 국제 비교에 적합한 지표다.', 'GDP 디플레이터는 특정 상품군의 인플레이션만을 반영한다.'], 'answer': 2}",,"GDP 디플레이터는 전체 경제에 걸친 모든 재화와 서비스의 가격 변화를 반영하여 인플레이션을 측정하며, 이는 특히 생산자 물가를 포함하므로 인플레이션 측정의 폭넓은 이해를 제공합니다."
generation-for-nlp-752_aug,지급 준비율이 0.1이라고 가정하겠습니다.,"{'question': '질문: 지급 준비율이 0.1일 때, 은행이 500달러의 예금을 보유하고 있다면 은행이 대출할 수 있는 최대 금액은 얼마입니까?', 'choices': ['50달러', '450달러', '500달러', '100달러', '200달러 이상 300달러 미만'], 'answer': 2}",,"지급 준비율이 0.1(10%)인 경우, 은행은 예금의 10%를 준비금으로 보유해야 하며, 나머지는 대출할 수 있습니다. 따라서 예금이 500달러일 때 준비금은 50달러이고, 대출 가능한 금액은 450달러가 됩니다."
generation-for-nlp-753_aug,옥수수는 경쟁 시장에서 교환됩니다.,"{'question': '질문: 다음 중 옥수수의 공급곡선이 왼쪽으로 이동하는 가능한 원인은 무엇입니까?', 'choices': ['새로운 재배 기술의 개발', '생산자 수의 증가', '기후 변화로 인한 극단적인 날씨', '소비자 선호의 변화', '해외 시장의 수요 증가'], 'answer': 3}",,공급 곡선이 왼쪽으로 이동할 때는 생산량이 감소하는 상황을 의미합니다. 기후 변화로 인해 가뭄이나 폭풍과 같은 극단적인 날씨가 발생하면 옥수수 생산에 영향을 미쳐 공급이 줄어들 수 있습니다.
generation-for-nlp-754_aug,어제 외환 시장에서 유로화가 미화 1.36달러에 거래되었고 오늘은 미화 1.40달러에 거래된다고 가정할 때,"{'question': '질문: 유로화의 환율 상승에 따른 경제적 영향으로 볼 수 있는 것은 무엇인가요?', 'choices': ['유럽 제품의 해외 판매 증가', '미국 달러의 안정성 향상', '유로존 내 인플레이션 하락', '유럽의 금리 인상 확률 증가', '유로화의 시장 유통량 증가'], 'answer': 1}",,"유로화의 가치가 상승하면 유럽 제품의 가격이 외환 시장에서 상대적으로 비싸지므로, 이는 해외에서 유럽 제품의 경쟁력을 높이고 판매량 증가로 이어질 수 있습니다. 환율 변화에 따라 수출업체의 전략도 조정될 수 있습니다."
generation-for-nlp-755_aug,정부가 방금 개인 소득세를 인하했습니다.,"{'question': '질문: 개인 소득세 인하가 정부의 재정에 미치는 직접적인 영향은 무엇일까요?', 'choices': ['정부 수입 증가로 인한 재정 여유', '정부 수입 감소로 인한 재정 적자 증가', '세수 증가로 인한 사회복지 확대', '정부의 채무 감소', '정부의 공공 서비스 증가'], 'answer': 2}",,"개인 소득세가 인하되면 가계의 가처분 소득이 증가하지만, 이는 정부의 세수 감소로 연결될 수 있습니다. 세수 감소는 정부의 재정 상태에 부정적인 영향을 미칠 수 있으며, 이로 인해 재정적자가 늘어날 수 있습니다."
generation-for-nlp-756_aug,완전 고용 상태에서 균형 상태에 있는 경제에서 세금이 인하되었다고 가정하겠습니다.,"{'question': '질문: 세금 인하가 완전 고용 상태에서 경제에 미치는 영향은 무엇인가요?', 'choices': ['고용률이 크게 증가한다.', '정부의 세수가 증가한다.', '실질 소비가 감소한다.', '총수요가 증가할 수 있다.', '물가가 반드시 안정된다.'], 'answer': 4}",,"세금이 인하되면 소비자와 기업의 가처분 소득이 증가하여 소비가 촉진되고, 이는 총수요 증가로 이어질 수 있습니다. 이는 특히 완전 고용 상태에서 경제에 긍정적인 영향을 미칠 수 있지만, 이러한 세금 감소는 정부의 재정에 영향을 미쳐 공공 서비스에 부정적인 영향을 줄 수도 있습니다."
generation-for-nlp-757_aug,통화에 대한 수요      통화의 가치      순 수출액,"{'question': '질문: 한 국가의 인플레이션율이 증가한다고 가정할 때, 이 국가의 통화 수요와 통화 가치 및 순 수출액에는 어떤 변화가 예상될까요?', 'choices': ['증가 \xa0\xa0\xa0\xa0\xa0\xa0\xa0하락 \xa0\xa0\xa0\xa0\xa0\xa0\xa0증가', '감소 \xa0\xa0\xa0\xa0\xa0\xa0\xa0하락 \xa0\xa0\xa0\xa0\xa0\xa0\xa0감소', '증가 \xa0\xa0\xa0\xa0\xa0\xa0\xa0상승 \xa0\xa0\xa0\xa0\xa0\xa0\xa0감소', '감소 \xa0\xa0\xa0\xa0\xa0\xa0\xa0상승 \xa0\xa0\xa0\xa0\xa0\xa0\xa0증가', '증가 \xa0\xa0\xa0\xa0\xa0\xa0\xa0상승 \xa0\xa0\xa0\xa0\xa0\xa0\xa0증가'], 'answer': 2}",,"인플레이션율이 증가하면 화폐의 실질 구매력이 줄어들어 통화 수요가 감소할 수 있습니다. 이는 해당 국가 통화의 가치를 하락시키고, 수출품의 가격 경쟁력을 저해하여 순 수출액이 감소할 가능성이 높습니다. 이러한 현상은 국제 경제 환경과 내수 시장의 변화와도 밀접한 관계가 있습니다."
generation-for-nlp-758_aug,지출 정책     세금 정책     통화 정책,"{'question': '질문: 경제 성장률을 높이기 위해 재정 및 통화 정책 입안자들은 어떤 방식으로 조치를 취할 수 있을까요?', 'choices': ['지출 감소 및 세금 증가', '세금 인하 및 통화 공급 증가', '정부 지출 감소 및 금리 인상', '세금 인상 및 정부 투자 감소', '통화 긴축 및 세금 증가'], 'answer': 2}",,경제 성장률을 높이기 위해 정부는 재정 지출을 확대하고 세금을 인하하여 소비와 투자를 촉진할 수 있습니다. 또한 중앙은행은 통화 공급을 늘려 유동성을 공급하고 금리를 낮추는 방식으로 경기 회복을 도울 수 있습니다. 이러한 정책 조합은 경제 위기 극복에 효과적입니다.
generation-for-nlp-759_aug,슈퍼마켓에서 식료품을 포장하는 일을 하고 있지만 임금이 만족스럽지 않아 이 일을 그만두고 경쟁 식료품점에서 새 일자리를 찾기 시작했습니다.,"{'question': '질문: 슈퍼마켓에서 일을 그만두고자 하는 이유는 무엇인가요?', 'choices': ['근무 환경이 열악해서', '직업 안정성이 떨어져서', '임금이 만족스럽지 않아서', '새로운 기술을 배우고 싶어서', '회사의 위치가 불편해서'], 'answer': 3}",,단락에서는 현재의 직장에서 임금이 불만족스럽다는 이유로 새로운 일자리를 찾고 있다고 언급하고 있습니다. 이는 근로자가 더 나은 조건을 위해 현재의 일자리를 떠나려는 동기를 보여줍니다.
generation-for-nlp-761_aug,I. 다른 직장을 구하기 위해 직장을 그만둔 메리. II. 45세에 직장에서 은퇴하여 자신의 꿈을 이룬 존. III. 파트타임으로 일하고 있지만 풀타임으로 일하고 싶은 다이앤.,"{'question': '질문: 다음 중 현재 취업 상태에서 풀타임 취업을 원하고 있는 사람은 누구입니까?', 'choices': ['메리', '존', '다이앤', '메리 및 다이앤', '존 및 다이앤'], 'answer': 3}",,"지문에서 다이앤은 현재 파트타임으로 일하고 있지만 풀타임으로 일하고 싶어 한다고 언급되어 있습니다. 반면, 메리는 다른 직장을 구하기 위해 직장을 그만두었고, 존은 은퇴한 상태로 더 이상 일하지 않고 있습니다."
generation-for-nlp-762_aug,대일 수출     달러에 대한 수요     달러의 가치,"{'question': '질문: 일본 가계 소득이 증가함에 따라 미국의 대일 수출 달러 수요와 엔화 대비 달러 가치에 미치는 영향은 어떤 방향으로 나타날까요?', 'choices': ['증가 \xa0\xa0\xa0감소 \xa0\xa0\xa0증가', '증가 \xa0\xa0\xa0증가 \xa0\xa0\xa0증가', '감소 \xa0\xa0\xa0감소 \xa0\xa0\xa0증가', '감소 \xa0\xa0\xa0증가 \xa0\xa0\xa0감소', '증가 \xa0\xa0\xa0감소 \xa0\xa0\xa0감소'], 'answer': 2}",,"일본 가계의 소득이 증가하면 소비가 증가하고, 이는 미국 제품에 대한 수요 증가로 이어집니다. 따라서 대일 수출 달러에 대한 수요는 증가하고, 상대적으로 엔화 대비 달러 가치도 증가할 가능성이 높아집니다. 이는 일본 경제의 긍정적인 성장 신호로 해석될 수 있습니다."
generation-for-nlp-763_aug,연방 재정 적자의 증가는 대출 자금 수요에 영향을 미쳐 실질 금리와 투자 지출에 영향을 미칠 수 있습니다.,"{'question': '질문: 연방 재정 적자가 증가했을 때, 기업의 대출 비용에 미치는 영향은 무엇인가요?', 'choices': ['대출 비용이 증가한다.', '대출 비용이 감소한다.', '대출 비용에 변화가 없다.', '대출 비용이 불규칙하게 변한다.', '대출 비용이 일시적으로만 증가한다.'], 'answer': 1}",,"정부의 재정 적자가 증가하면, 대출 자금 수요가 증가하게 되어 실질 금리가 상승합니다. 이 경우 기업과 개인의 대출 비용이 증가할 것으로 예상됩니다."
generation-for-nlp-764_aug,단기 필립스 곡선     단기 실업률     장기 실업률,"{'question': '질문: 경제가 단기적으로 긴축적 공급 충격을 겪을 때, 단기 필립스 곡선, 단기 실업률, 장기 실업률은 어떻게 변화할까요?', 'choices': ['아래로 이동  하락  상승', '위로 이동  상승  하락', '아래로 이동  상승  상승', '위로 이동  하락  하락', '변동 없음  하락  변동 없음'], 'answer': 2}",,"긴축적 공급 충격은 생산 감소와 함께 실업률을 일시적으로 증가시키는 경향이 있습니다. 이에 따라 단기 필립스 곡선은 인플레이션과 실업률 간의 상관관계가 변하는데, 이러한 변화는 장기적으로 경제가 자연 실업률에 접어드는 데 영향을 미칩니다."
generation-for-nlp-765_aug,한 단위를 생산하는 데 필요한 노동 시간: 국가      와인      치즈 프랑스      40      80 벨기에      15      60,"{'question': '질문: 다음 중 프랑스와 벨기에의 와인과 치즈 생산에 대한 설명으로 올바른 것은 무엇인가요?', 'choices': ['벨기에는 와인 생산에서 절대적인 우위를 점하고 있다.', '프랑스는 와인 생산에 필요한 노동 시간이 벨기에보다 두 배 더 길다.', '프랑스는 치즈 생산에서 벨기에에 비해 비교 우위를 점하고 있다.', '벨기에는 치즈 생산에 필요한 노동 시간이 프랑스보다 짧다.', '두 나라 모두 치즈 생산에서 동일한 효율성을 보이고 있다.'], 'answer': 3}",,"단락에 명시된 노동 시간에 따르면, 프랑스는 치즈 생산에 더 많은 시간을 필요로 하지 않으며 벨기에는 치즈 생산에서 비교적 유리한 입장에 있습니다. 따라서 두 나라의 생산 효율성을 판단하기 위해서는 각 제품의 노동 시간이 중요한 요소가 됩니다."
generation-for-nlp-767_aug,특정 제품을 만드는 회사가 향후 해당 제품의 가격이 낮아질 것으로 예상하는 경우,"{'question': '질문: 특정 제품의 가격이 향후 하락할 것으로 예상되는 상황에서 회사가 가장 먼저 고려해야 할 요소는 무엇인가?', 'choices': ['소비자 구매 패턴 변화', '경쟁사 가격 정책', '원자재 가격 상승', '고용 인력의 변화', '광고 예산 증대'], 'answer': 1}",,"가격 하락이 예상되면 소비자들은 구매 시점을 재조정할 가능성이 높아지므로, 기업은 이를 분석하여 적절한 마케팅 전략을 수립할 필요가 있습니다. 소비자의 심리와 행동 변화는 판매 전략에 큰 영향을 줄 수 있습니다."
generation-for-nlp-768_aug,물가 수준이 요구되는 제품의 총량이 공급되는 제품의 총량을 초과하는 불균형 상태인 경제에서는,"{'question': '질문: 공급이 수요를 초과할 경우 어떤 경제적 결과가 발생할 수 있는가?', 'choices': ['가격이 하락하여 균형을 이루게 된다.', '고용률이 상승할 것이다.', '생산량이 감소할 것이다.', '재고가 증가할 것이다.', '외환 보유액이 감소할 것이다.'], 'answer': 1}",,공급이 수요를 초과하는 상황은 일반적으로 '수요 부족'으로 설명됩니다. 이런 경우에는 시장에서 제품이 남아돌게 되어 자연스럽게 가격이 하락하게 됩니다. 이는 경제 전반에 걸쳐 소비자들의 구매력을 향상시키고 재정적 균형을 유지하는 데 기여할 수 있습니다.
generation-for-nlp-769_aug,지급준비율이 5%라고 가정하겠습니다.,"{'question': '질문: 지급준비율이 5%일 때, 은행이 1,000만 달러의 예금을 받았을 때 준비금으로 보유해야 할 금액은 얼마인가요?', 'choices': ['1천만 달러', '5천만 달러', '200만 달러', '1억 달러', '500만 달러'], 'answer': 3}",,"지급준비율은 은행이 고객의 예금 중 일정 비율을 준비금으로 보유해야 하고, 5%의 지급준비율에서는 은행이 1,000만 달러의 예금에 대해 5%인 200만 달러를 준비금으로 확보해야 합니다."
generation-for-nlp-770_aug,I. 임금이 빠르게 변동한다 II. 세이의 법칙이 적용되지 않는다. III. 투입과 산출 가격은 서로 일치한다 IV. 정부는 총 수요를 적정 수준으로 유지하는 것에 대해 걱정할 필요가 없다.,"{'question': '질문: 고전 경제학자들은 어떤 경제적 상황에서 정부 개입의 필요성을 제기하지 않는가?', 'choices': ['임금이 크게 증가할 때', '물가가 급격히 하락할 때', '총 수요가 지나치게 높을 때', '가격이 고정되어 있을 때', '임금과 물가가 유연하게 조정될 때'], 'answer': 5}",,"고전 경제학자들은 시장이 자율적으로 균형을 이룬다고 믿으며, 임금과 물가가 유연하게 변동하면 경제가 자연 실업률로 돌아간다고 주장합니다. 이러한 신념은 정부의 총 수요 조절이 필요 없다고 여기는 근거가 됩니다."
generation-for-nlp-771_aug,"노동의 가격이 2달러이고 자본의 가격은 1달러입니다. 노동의 한계 생산은 200이고, 자본의 한계 생산은 50입니다.","{'question': '질문: 회사가 자본과 노동을 최적 배분하기 위해 고려해야 할 요소는 무엇인가요?', 'choices': ['자본의 가격이 노동의 가격보다 더 낮아야 한다.', '자본의 한계 생산성이 노동의 한계 생산성보다 높아야 한다.', '노동의 한계 생산성을 자본의 한계 생산성과 비교해야 한다.', '노동과 자본의 총 가격이 같아야 한다.', '자본을 줄이고 노동을 증가시켜야 한다.'], 'answer': 3}",,자본과 노동의 각각의 한계 생산성 및 가격 관계를 비교하여 최적의 생산 요소 배분을 결정해야 합니다. 노동의 한계 생산(200)을 노동의 가격(2달러)으로 나눈 값과 자본의 한계 생산(50)을 자본의 가격(1달러)으로 나눈 값을 비교하는 것이 필요합니다.
generation-for-nlp-772_aug,군대 플라스틱 피규어를 만드는 산업은 모든 용도로 요구되는 플라스틱의 극히 일부만을 사용합니다.,"{'question': '질문: 군대 플라스틱 피규어 산업에 대한 설명으로 가장 적절한 것은 무엇인가요?', 'choices': ['대량 생산을 통해 저렴한 가격을 제공하는 산업이다.', '다양한 용도로 사용되는 플라스틱을 활용하는 산업이다.', '특정 고객층을 겨냥한 틈새 시장에 해당한다.', '환경 친화적인 제품만을 생산하는 산업이다.', '고객의 니즈에 따른 맞춤형 생산이 주를 이루는 산업이다.'], 'answer': 3}",,"군대 플라스틱 피규어 산업은 수집가와 모형 제작자와 같은 특정 고객층을 겨냥하여 한정된 용도의 플라스틱을 사용하여 제품을 생산하는 틈새 시장입니다. 이러한 시장은 대량보다 소량 생산을 주로 하며, 고객의 특정 요구를 따릅니다."
generation-for-nlp-773_aug,사과 시장이 균형 상태에 있습니다. 사과를 재배하는 사람들이 사과 생산량을 늘리기 위해 더 많은 농약을 사용하고 있다고 가정해 보겠습니다. 이와 동시에 사과를 대체할 수 있는 배의 가격이 상승하고 있다는 소식도 들립니다.,"{'question': '질문: 사과 시장에서 공급과 수요의 변화를 고려할 때, 사과 생산자들이 농약 사용을 늘리는 것이 시장에 미치는 영향을 가장 잘 설명하는 선택지는 무엇입니까?', 'choices': ['생산 비용이 증가하여 공급이 감소한다.', '대체재인 배의 가격 상승으로 사과 수요가 증가한다.', '농약 사용 증가로 인해 사과의 공급량이 증가할 가능성이 있다.', '배의 가격 상승과 농약 사용 증가는 두 가지 모두 사과의 가격 상승을 초래한다.', '사과의 가격 변화는 없고 수량도 유지된다.'], 'answer': 3}",,"사과 시장에서 생산자들이 농약 사용을 늘리면 생산성이 향상될 수 있으며, 이는 공급량의 증가로 이어질 수 있습니다. 또한 대체재인 배의 가격 상승은 사과의 수요에 영향을 미칠 수 있지만, 여기서는 주로 공급의 변화를 초점으로 두고 있습니다."
generation-for-nlp-774_aug,"레이와 도로시는 둘 다 요리를 할 수 있고 토요일 오후에 정원에서 잡초를 뽑을 수 있습니다. 요리를 하는 모든 시간마다 레이는 50개의 잡초를 뽑을 수 있고, 도로시는 100개의 잡초를 뽑을 수 있습니다.","{'question': '질문: 레이와 도로시가 잡초를 뽑는 것 대신 각각 어떤 활동에 더 많은 시간을 투자해야 경제적으로 효율적일까?', 'choices': ['레이는 요리에 투자하고, 도로시는 잡초를 뽑는다.', '레이는 잡초를 뽑고, 도로시는 요리를 한다.', '두 사람 모두 요리를 한다.', '두 사람 모두 잡초를 뽑는다.', '레이는 잡초를 뽑고, 도로시는 잡초를 뽑는다.'], 'answer': 1}",,"각 개인의 상대적 생산성을 고려할 때, 레이와 도로시는 잡초를 뽑는 것보다 요리에 더 많은 시간을 투자할 경우 더 큰 절대적인 생산성을 창출할 수 있습니다. 레이는 요리를 할 때 상대적으로 더 많은 잡초를 뽑는 도로시와 협력하여 각각의 특성을 활용하는 것이 경제적으로 유리합니다. 이는 생산성 향상의 원리를 나타냅니다."
generation-for-nlp-778_aug,I. 강력한 진입 장벽. II. 가격(P) = 한계 수익(MR). III. 상대적으로 적은 수의 판매자.,"{'question': '질문: 과점 시장의 가격 결정 방식에 대한 설명으로 적절하지 않은 것은 무엇입니까?', 'choices': ['가격은 판매자 간의 합의에 의해 결정된다.', '각 판매자는 가격을 독립적으로 설정할 수 있다.', '비슷한 상품이 경쟁적으로 판매된다.', '가격은 판매자의 한계 수익에 의해 영향을 받는다.', '시장 진입 장벽이 높아 신규 판매자가 진입하기 어렵다.'], 'answer': 2}",,"과점 시장에서는 상대적으로 적은 수의 판매자가 존재하며, 그들은 서로의 가격 결정에 영향을 미칩니다. 따라서 하나의 판매자가 가격을 독립적으로 결정하는 것은 어렵습니다. 이와 반대로, 가격은 다른 기본적인 요소들, 즉 한계 수익 및 판매자 간의 상호 작용에 의해 영향을 받습니다."
generation-for-nlp-780_aug,소규모 비즈니스는 제품에 대한 수요의 가격 탄력성을 3으로 추정합니다.,"{'question': '질문: 소규모 비즈니스가 수요의 가격 탄력성을 3으로 추정했을 때, 가격이 인하될 경우 기대할 수 있는 효과는 무엇인가요?', 'choices': ['전체 매출 증가', '전체 매출 감소', '판매량 변화 없음', '가격 상승', '생산 비용 증가'], 'answer': 1}",,가격 탄력성이 3이라는 것은 가격 변화에 따라 수요가 크게 변한다는 의미입니다. 가격을 인하하면 수요는 크게 증가하여 총 매출이 증가할 가능성이 높습니다.
generation-for-nlp-781_aug,"자본이 1단위로 고정되어 있고 노동이 1, 2, 3단위로 연속적으로 추가되면 산출물 생산이 300(노동 1단위)에서 350(노동 2단위)으로, 375(노동 3단위)로 증가합니다.","{'question': '질문: 고정된 자본에 대해 노동을 추가함으로써 얻을 수 있는 생산량 변화는 어떤 성격을 갖는가?', 'choices': ['추가 노동 단위마다 생산량 증가가 일정하다.', '추가 노동 단위마다 생산량 증가가 감소하는 경향이 있다.', '고정된 자본의 영향을 받지 않는다.', '모든 노동 단위에서 동일한 생산량을 발생시킨다.', '일정한 수준까지 생산량이 증가 후 급격히 감소한다.'], 'answer': 2}",,"이 질문은 자본이 고정된 상태에서 노동을 추가했을 때 생산량의 변화 추세에 대해 알아보는 것입니다. 단락에서는 노동 단위를 증가시킬 때 생산량 증가의 폭이 점차 줄어드는 현상이 설명되고 있으므로, 추가적인 노동 단위가 생산량 증가에 미치는 영향을 주의 깊게 살펴봐야 합니다."
generation-for-nlp-782_aug,현재 경쟁 노동 시장은 균형 상태에 있습니다.,"{'question': '질문: 현재 경쟁 노동 시장에서 균형 상태가 깨질 가능성이 있는 경우는 무엇입니까?', 'choices': ['신규 직종이 추가되면서 노동 수요가 증가한다.', '경기 침체로 인해 근로자가 직장을 잃는 경우가 많아진다.', '인구 고령화로 인해 노동 인구가 늘어난다.', '정부의 부양책으로 인해 소비가 늘어난다.', '기술 발전으로 인해 자동화가 진행된다.'], 'answer': 2}",,"균형 상태의 노동 시장에서는 공급과 수요가 일치하지만, 외부 요인으로 인해 노동자가 직장을 잃는 경우와 같은 불균형 상황이 발생할 수 있습니다. 예를 들어, 경기 침체가 심화되면 기업들이 인력을 줄여 경제 전반에 영향을 미치게 됩니다."
generation-for-nlp-783_aug,수요의 가격 탄력성이 1보다 크면 수요는 다음과 같습니다.,"{'question': '질문: 가격이 상승할 때 수요량이 어떻게 변화하는지에 대한 규칙은 무엇인가요?', 'choices': ['항상 증가한다.', '항상 감소한다.', '가격이 상승하면 수요량이 1% 이상 감소할 수 있다.', '가격이 상승하면 수요량은 변하지 않는다.', '가격에 관계없이 수요량은 항상 일정하다.'], 'answer': 3}",,"가격의 변화에 따라 수요량이 어떻게 변하는지는 가격 탄력성이 중요한 역할을 합니다. 가격이 1% 상승하면 탄력적 수요에서는 수요량이 1% 이상 감소하게 되어, 소비자들이 대체재로 전환하거나 구매를 줄이게 됩니다."
generation-for-nlp-784_aug,데님 청바지 시장은 균형 상태에 있고 대체재인 폴리에스테르 바지의 가격이 상승합니다.,"{'question': '질문: 대체재 폴리에스테르 바지의 가격 상승이 데님 청바지 시장에 미치는 영향은 무엇인가요?', 'choices': ['데님 청바지의 공급량이 증가하여 가격이 하락한다.', '소비자들이 대체재 대신 데님 청바지를 더 선호하게 된다.', '청바지 시장은 완전히 붕괴하게 된다.', '폴리에스테르 바지의 가격 상승은 데님 청바지와 아무 연관이 없다.', '청바지의 생산 비용이 증가하게 된다.'], 'answer': 2}",,"대체재의 가격이 상승하면 소비자들은 상대적으로 가격이 낮거나 일정한 대체상품을 선택할 가능성이 높아지고, 이러한 선택은 데님 청바지 수요에 긍정적인 효과를 줄 수 있습니다."
generation-for-nlp-786_aug,커피 시장에 가격 하한제가 도입되었다고 가정해 보겠습니다.,"{'question': '질문: 가격 하한제가 커피 시장에 미치는 영향을 분석할 때, 예상되는 공급자의 반응은 무엇인가요?', 'choices': ['커피 생산량 증가.', '새로운 커피 브랜드의 진입 증가.', '가격 상승에 따라 생산자의 수익 증가.', '그린커피(원두)의 수출 감소.', '커피 농장의 폐쇄 증가.'], 'answer': 3}",,"가격 하한제는 공급자가 최소한 설정된 가격으로 제품을 판매해야 하므로, 이로 인해 생산자들은 가격 상승에 따른 이익을 얻을 수 있습니다. 하지만 소비자의 수요는 감소할 가능성이 있습니다."
generation-for-nlp-787_aug,일반 재화인 커피의 경쟁 시장은 현재 균형 상태에 있습니다.,"{'question': '질문: 커피의 공급이 감소할 경우 발생할 수 있는 시장의 변화는 무엇인가요?', 'choices': ['커피 가격 하락', '커피 소비 증가', '커피의 품질 향상', '커피 가격 상승', '커피 재고 증가'], 'answer': 4}",,"공급 감소는 시장에서 재화의 양이 줄어드는 것을 의미하며, 이는 가격 상승을 초래할 수 있습니다. 공급과 수요의 원리를 생각해보면, 공급이 줄어들면 가격은 오르게 되고, 이에 따라 소비자들이 구매하기 어려워지는 상황이 발생할 수 있습니다."
generation-for-nlp-788_aug,기업이 아래쪽으로 기울어지는 수요 곡선에 직면해서는 안 된다. I. 기업이 시장 지배력을 가지고 있어야 한다. III. 수요 탄력성이 서로 다른 구매자를 분리할 수 있어야 한다. IV. 기업이 이윤 극대화 이상의 동기를 가져야 한다. V. 기업이 제품의 재판매를 방지할 수 있어야 한다.,"{'question': '질문: 기업이 가격 차별화를 통해 소비자에게 최적의 가격을 제공할 때 필요한 세 가지 주요 조건은 무엇입니까?', 'choices': ['I, II 및 V', 'I, III 및 IV', 'II, III 및 IV', 'I, II 및 III', 'III, IV 및 V'], 'answer': 2}",,"가격 차별화 전략을 활용하기 위해서는 기업이 시장 내에서 유리한 위치를 점유해야 하며, 소비자의 수요에 따른 가격 차별이 가능해야 합니다. 또한, 기업이 이윤 극대화 외에 추가적인 동기를 갖고 있어야 소비자 맞춤형 가격을 효과적으로 설정할 수 있습니다."
generation-for-nlp-790_aug,"경쟁 투입 시장과 비교했을 때, 수요 독점은","{'question': '질문: 수요 독점이 시장 효율성에 미치는 영향은 무엇인가?', 'choices': ['가격이 정부에 의해 결정된다.', '공급자의 수익성이 증가한다.', '가격 차별화가 발생할 수 있다.', '소비자의 선택권이 증가한다.', '모든 시장 참여자가 동일한 이윤을 것이다.'], 'answer': 3}",,"수요 독점 구조에서는 구매자가 판매자보다 강한 위치에 있어 가격을 조정할 수 있는 능력이 있으며, 이는 가격 차별화 현상을 야기할 수 있다. 이러한 현상은 수요 독점이 효율성 저하와 관련될 수 있는 방식 중 하나를 보여준다."
generation-for-nlp-791_aug,희소성은 다음과 같이 정의할 수 있습니다.,"{'question': '질문: 희소성이 경제적 결정에 미치는 영향에 대한 설명으로 옳은 것은?', 'choices': ['희소성이 없으면 자원의 분배가 더욱 복잡해진다.', '무한한 자원으로 인해 가격이 항상 하락한다.', '희소성으로 인해 사람들은 다양한 선택을 해야 한다.', '자원이 희소하면 공급과 수요의 관계가 약해진다.', '희소성이 높으면 사람들의 욕구가 줄어든다.'], 'answer': 3}",,"희소성은 경제의 기본 원리로, 사람들이 제한된 자원으로 무한한 욕구를 충족하기 위해 선택과 결정을 해야 한다는 점에서 중요한 역할을 합니다. 희소한 자원으로 인해 사람들은 다양한 대안 중에서 선택해야 하며, 이는 경제적 의사결정에 직결됩니다."
generation-for-nlp-792_aug,신시내티 레즈 야구 티켓 시장은 현재 균형 상태에 있습니다.,"{'question': '질문: 신시내티 레즈의 경기 관람 인구를 늘려 소비자 잉여를 증가시킬 수 있는 방법은 무엇인가요?', 'choices': ['레즈가 스카우트하기 위해 대학팀과의 친선 경기를 개최한다.', '레즈의 주요 선수가 시즌 동안 부상을 당하여 경기에 출전하지 못한다.', '레즈가 경기 중 형편없는 성적을 내어 팬들이 실망한다.', '레즈가 팬들을 대상으로 특별 프로모션을 실시하여 초대권을 배포한다.', '레즈가 티켓 판매 수익을 인근 지역사회에 기부하기로 결정한다.'], 'answer': 4}",,"소비자 잉여는 팬들이 티켓을 구매할 때 느끼는 만족도를 의미하며, 팬들이 저렴한 가격에 구매할 수 있는 기회가 많아지면 잉여가 증가할 수 있습니다. 팬들에게 프로모션이나 할인 혜택은 경기 관람에 대한 접근성을 높여 소비자 잉여를 증가시킬 가능성이 있습니다."
generation-for-nlp-794_aug,"교육은 크리스를 더 나은 직장인, 유권자, 부모, 시민으로 만들어 줍니다.","{'question': '질문: 교육이 개인에게 미치는 영향을 넘어 사회에 어떤 긍정적인 효과를 주는가?', 'choices': ['사회의 범죄율 감소', '개인의 직무 전문성 향상', '사회적 불평등의 증가', '정치적 불확실성 증가', '개인의 창의성 저하'], 'answer': 1}",,"소비자 잉여는 팬들이 티켓을 구매할 때 느끼는 만족도를 의미하며, 팬들이 저렴한 가격에 구매할 수 있는 기회가 많아지면 잉여가 증가할 수 있습니다. 팬들에게 프로모션이나 할인 혜택은 경기 관람에 대한 접근성을 높여 소비자 잉여를 증가시킬 가능성이 있습니다."
generation-for-nlp-795_aug,가변 입력의 단위가 추가될 때마다 산출물의 증가가 작아지는 경우.,"{'question': '질문: 다음 중 가변 입력의 단위가 추가될 때마다 산출물의 증가가 작아지는 현상과 관련된 사례로 가장 적절한 것은 무엇입니까?', 'choices': ['완전경쟁 시장의 가격 결정', '디지털 제품의 대량 생산', '3.농장에서 비료 사용 증가', '서비스 업종의 인력 채용', '기술 혁신에 따른 생산 효율성 향상'], 'answer': 3}",,"이 현상은 생산 과정에서 자원을 추가적으로 투입할 때 발생하는 한계 생산성이 감소하는 상황을 나타냅니다. 일반적으로 농업에서 비료를 사용하여 처음에는 수확량이 증가하지만, 일정 시점 이후에는 추가적인 비료가 수확량 증가에 미치는 효과가 줄어드는 것을 예로 들 수 있습니다."
generation-for-nlp-796_aug,사적 재화의 생산과 관련된 양의 외부성이 있다면.,"{'question': '질문: 양의 외부성이 존재하는 사적 재화의 생산에 대해 정부가 개입할 때 가장 우선적으로 고려해야 할 사항은 무엇인가요?', 'choices': ['시장 가격의 즉각적인 인상', '외부성의 긍정적 효과를 화폐적 가치로 환산', '기업의 비용 증가량 예측', '소비자의 수요 변화 분석', '기술 혁신의 잠재적 가치 평가'], 'answer': 2}",,"양의 외부성이 존재하는 경우, 그 외부성의 긍정적 효과를 적절히 반영하지 않으면 시장의 원활한 기능에 장애가 발생할 수 있습니다. 따라서 정부의 개입에서는 이러한 외부성을 평가하고, 그 가치를 화폐적으로 환산하여 올바른 보조금 정책이나 지원 방안을 마련하는 것이 중요합니다."
generation-for-nlp-797_aug,햄씨는 가게에서 피자를 하나 더 만들 때마다 0.45달러 상당의 소스를 위에 얹습니다.,"{'question': '질문: 햄씨가 추가 피자를 만들 때 소스의 비용이 전체 피자 가격에 미치는 영향은 무엇입니까?', 'choices': ['피자 가격에 직접적인 영향을 미치지 않는다.', '피자 가격을 올린다.', '피자 가격을 내린다.', '피자 가격에 일정 비율로 반영된다.', '피자 가격에 소스 비용만큼만 반영된다.'], 'answer': 4}",,"소스의 비용은 피자를 추가로 만들 때 발생하는 변동비용의 일종으로, 이는 전체 가격 책정 시 고려해야 할 요소 중 하나입니다. 따라서 소스의 비용은 피자 가격에 비례적으로 영향을 주며, 생산량에 따라 증가합니다."
generation-for-nlp-798_aug,알루미늄이 자전거 생산의 주요 생산 투입물이라고 가정해 보겠습니다. 알루미늄 가격이 하락하고 다른 모든 변수가 일정하다면 다음과 같은 결과가 예상됩니다.,"{'question': '질문: 알루미늄 가격이 하락함에 따라 자전거의 최종 소비자 가격에 미치는 영향은 무엇일까요?', 'choices': ['자전거 가격이 상승할 것이다.', '자전거 가격이 변하지 않을 것이다.', '자전거 가격이 하락할 것이다.', '자전거 가격이 일정하게 유지될 것이다.', '자전거 가격이 크게 변동할 것이다.'], 'answer': 3}",,"알루미늄 가격이 하락하면 생산자들이 자전거를 더 저렴하게 생산할 수 있게 되며, 이는 시장에서 자전거의 가격이 하락하는 결과를 초래할 수 있습니다. 일반적으로 생산 비용이 줄어들면 공급이 증가하고, 이는 소비자에게 더 낮은 가격으로 이어질 수 있습니다."
generation-for-nlp-799_aug,카운티 정부가 각 자녀를 어린이집에 보내는 비용을 보조하는 데 사용할 수 있는 쿠폰을 각 부모에게 보냈다고 가정해 보겠습니다.,"{'question': '질문: 쿠폰을 통해 보육 비용을 보조받게 된 부모들은 어떤 경제적 영향을 받을 가능성이 높습니까?', 'choices': ['자녀 교육에 대한 투자를 줄일 것이다.', '가족의 재정에 긍정적인 영향을 미칠 것이다.', '어린이집에 보내는 것을 망설일 것이다.', '다른 생활비 지출을 늘릴 것이다.', '보육 서비스에 대한 선택지를 줄일 것이다.'], 'answer': 2}",,카운티 정부가 유아 보육 비용을 지원하는 쿠폰을 제공하면 부모들은 보육비 부담이 경감되어 가족의 재정 상황에 긍정적인 영향을 받을 것으로 예상됩니다. 이는 부모들이 자녀의 교육과 보육에 더 많은 투자를 하게 할 수 있는 환경을 만들 수 있습니다.
generation-for-nlp-800_aug,"엘사는 자신의 시간을 시간당 50달러로 평가하고 2시간 동안 데이비드를 가르칩니다. 데이비드는 2시간 과외에 175달러를 지불할 의향이 있지만, 두 사람은 2시간 전체에 대해 125달러로 가격을 협상합니다.","{'question': '질문: 엘사와 데이비드의 협상에서 각각의 잉여는 얼마인가요?', 'choices': ['소비자 잉여는 50달러, 생산자 잉여는 25달러이다.', '소비자 잉여는 75달러, 생산자 잉여는 25달러이다.', '소비자 잉여는 50달러, 생산자 잉여는 50달러이다.', '소비자 잉여는 100달러, 생산자 잉여는 25달러이다.', '소비자 잉여는 25달러, 생산자 잉여는 50달러이다.'], 'answer': 3}",,"협상에서 엘사의 기회비용은 100달러였고, 데이비드의 지불 의향인 175달러와 협상 가격인 125달러 간의 차이를 고려해야 합니다. 각자의 잉여를 계산할 때 이 점을 유의하세요."
generation-for-nlp-801_aug,"소비자가 소비하는 각 쿠키에 대해 금전적 대가를 지불할 필요가 없는 경우, 소비자는 다음과 같은 경우 쿠키를 소비하는 것을 중단할 것입니다.","{'question': '질문: 소비자가 쿠키를 계속 소비하기 위해 필요한 조건은 무엇인가요?', 'choices': ['쿠키를 통해 만족도가 증가해야 한다.', '쿠키의 가격이 지속적으로 하락해야 한다.', '쿠키를 소비하는 빈도가 줄어들어야 한다.', '소비자가 다른 간식을 더 선호해야 한다.', '쿠키의 브랜드 이미지가 나빠져야 한다.'], 'answer': 1}",,"협상에서 엘사의 기회비용은 100달러였고, 데이비드의 지불 의향인 175달러와 협상 가격인 125달러 간의 차이를 고려해야 합니다. 각자의 잉여를 계산할 때 이 점을 유의하세요."
generation-for-nlp-802_aug,가장 친한 친구의 생일 파티에서 스카일라가 두 번째 케이크 조각을 혼자서 먹는 것을 보게 됩니다.,"{'question': '질문: 스카일라가 두 번째 케이크 조각을 혼자서 먹는 이유로 가장 적절한 것은 무엇인가?', 'choices': ['스카일라는 케이크의 첫 번째 조각이 맛없어서 두 번째 조각을 선택했다.', '스카일라는 생일 파티의 분위기에 따라 다른 친구들이 먹는 것을 보고 따라했다.', '스카일라는 케이크의 양이 부족하다고 느꼈다.', '스카일라는 다른 친구들이 먼저 케이크를 다 먹어버릴까 두려웠다.', '스카일라는 제어력 부족으로 인해 두 번째 조각을 먹기로 결심했다.'], 'answer': 4}",,"스카일라가 혼자서 두 번째 케이크 조각을 선택한 상황은, 자신의 식욕과 자원 부족 사이에서 느끼는 심리적 압박을 반영할 수 있습니다. 그에 따라 두 번째 조각을 먹음으로써 다른 사람이 먼저 먹어버릴까 봐 걱정거리가 생길 수 있습니다. 이는 개인의 선택이 다른 사람의 행동과 상호작용하는 사례로 볼 수 있습니다."
generation-for-nlp-803_aug,단기적으로 한 기업이 노동력과 자본을 활용하여 장치를 생산합니다.,"{'question': '질문: 기업이 장치를 생산하기 위해 단기적으로 노동력과 자본을 조정할 때 주목해야 할 요소는 무엇입니까?', 'choices': ['생산되는 제품의 품질', '고용 계약의 조건', '자본 가격의 변화', '소비자 수요의 증가', '경쟁 업체의 가격 설정'], 'answer': 3}",,"자본은 생산의 중요한 요소로, 자본 가격의 변화는 기업의 생산 결정을 직접적으로 영향을 미칩니다. 자본 가격이 상승하면 기업의 생산비용이 증가하게 되며, 이는 단기적으로 생산 및 가격 조정에 영향을 줄 수 있습니다."
generation-for-nlp-805_aug,I. 무임승차자 II. 수요 곡선을 수직으로 추가하여 사회에 대한 수요 곡선 찾기 III. 소비의 비경쟁성 IV. 비배제성,"{'question': '질문: 공공재의 특징으로 올바른 것은 무엇입니까?', 'choices': ['비경쟁성과 배제성', '수요 곡선이 수평으로 나타남', '소비의 경쟁성', '비배제성과 비경쟁성', '제한적인 소비 가능성'], 'answer': 4}",,공공재는 여러 사람이 동시에 소비할 수 있으며 한 개인의 소비가 다른 개인의 소비에 영향을 미치지 않는 비경쟁성을 가지고 있습니다. 또한 공공재에 대해 특정 개인이 소비를 제한할 수 없는 비배제성의 특성을 가져서 모든 사람이 공공재를 이용할 수 있습니다.
generation-for-nlp-806_aug,"낸시는 1시간 동안 시험 공부를 하거나, 6달러의 임금을 받고 1시간 동안 잔디를 깎거나, 8달러의 임금을 받고 1시간 동안 조카를 돌보는 일을 선택할 수 있습니다.","{'question': '질문: 낸시가 잔디를 깎는 일을 선택했다면, 그녀의 기회비용은 얼마인가요?', 'choices': ['6달러', '8달러', '14달러', '0달러', '2달러'], 'answer': 2}",,"낸시가 잔디를 깎는 일을 선택할 경우, 그녀는 시험 공부를 통해 얻을 수 있는 가치(6달러)와 조카를 돌보는 일에서 포기한 가치(8달러)를 고려해야 합니다. 따라서 잔디 깎는 선택의 기회비용은 포기한 가장 높은 가치가 되는 조카 돌보기의 임금인 8달러입니다."
generation-for-nlp-807_aug,"상대적으로 소득이 낮은 사람들은 상대적으로 소득이 높은 사람들보다 소득의 더 많은 부분을 식품에 지출하기 때문에, 식품에 대한 판매세는 다음 중 어떤 세금 범주에 속합니까?","{'question': '질문: 상대적으로 소득이 낮은 계층이 식품에 지출하는 비율이 높다는 것은 어떤 경제적 영향을 미칠 수 있습니까?', 'choices': ['경제 성장 촉진', '소비 패턴 변화', '소득 불평등 심화', '대체재 소비 증가', '세수 증대'], 'answer': 3}",,"소득이 낮은 사람들이 더 많은 지출을 식품에 할 경우, 그들이 겪는 경제적 압박이 더욱 커질 수 있습니다. 이는 경제적 불평등을 심화시키는 요인으로 작용할 수 있으며, 따라서 정책적으로 이러한 상황을 개선하기 위한 방안이 필요합니다."
generation-for-nlp-808_aug,"멜라니는 매일 점심값으로 개당 1달러인 사과와 개당 2달러인 오렌지를 사 먹습니다. 현재 소비 수준에서 멜라니의 사과에 대한 한계 효용은 12이고, 오렌지에 대한 한계 효용은 18입니다.","{'question': '질문: 멜라니가 사과와 오렌지를 소비하는 이유는 무엇인가요?', 'choices': ['사과가 더 건강하기 때문이다.', '오렌지가 더 비싼 이유로 더 맛있다고 느끼기 때문이다.', '한계 효용이 더 높은 과일을 선택하기 때문이다.', '사과가 오렌지보다 더 오래 보관할 수 있어서이다.', '그녀는 여러 가지 과일을 골고루 먹는 것을 선호하기 때문이다.'], 'answer': 3}",,멜라니는 가격 대비 한계 효용이 더 높은 사과를 소비함으로써 자신이 얻는 효용을 극대화하려고 합니다. 이는 소비자의 최적 소비 선택 원리에 해당합니다.
generation-for-nlp-810_aug,동일한 기간에 파인애플 공급에 영향을 미치는 가뭄과 암 예방에 도움이 될 수 있는 발견이 있습니다.,"{'question': '질문: 가뭄으로 인해 파인애플 생산량이 감소했을 때, 이는 파인애플 가격에 어떤 영향을 미칠까요?', 'choices': ['가격 유지', '가격 상승', '가격 하락', '가격 변동 없음', '가격 불확정'], 'answer': 2}",,"가뭄은 파인애플의 공급을 줄여 공급 부족을 초래함으로써, 균형 가격이 상승하는 경향이 있으며 이는 시장에서 가격이 오르는 원인으로 작용합니다."
generation-for-nlp-812_aug,독점 경쟁은 종종 다음과 같은 특징이 있습니다.,"{'question': '질문: 독점 경쟁 시장에서 소비자에게 주어지는 주된 이점은 무엇인가요?', 'choices': ['높은 가격 안정성', '다양한 제품 선택 가능', '기업의 높은 이윤 확보', '소비자 불만의 최소화', '강력한 판매 독점의 형성'], 'answer': 2}",,"독점 경쟁 시장에서는 여러 기업이 존재하며 각 기업이 제품에 차별화를 두고 경쟁하므로, 소비자들은 다양한 선택지를 가지게 됩니다. 이러한 구조는 소비자의 선택 폭을 넓히는 데 중요한 역할을 합니다."
generation-for-nlp-813_aug,"한 학생이 이미 3시간 동안 시험 공부를 한 후, 같은 시험을 위해 1시간 더 공부를 하겠다고 결심합니다.","{'question': '질문: 학생이 추가로 1시간 더 공부하기로 결정한 이유는 무엇인가요?', 'choices': ['시험에서 좋은 성적을 거두기 위해서는 더 많은 시간이 필요하다고 생각했기 때문이다.', '시험 공부를 시작하기 전에 다른 활동을 모두 마치고 싶었기 때문이다.', '이미 공부한 시간이 아까워서 한 시간 더 공부하기로 결심했기 때문이다.', '시험이 임박해서 불안감 때문에 추가 공부가 필요하다고 느꼈기 때문이다.', '공부하는 동안 친구와 만나기로 계획이 바뀌어서 갑자기 공부 시간이 많아졌기 때문이다.'], 'answer': 3}",,"지문에서 언급한 학생의 결심은 이전에 이미 투자한 시간에 대한 긍정적인 감정이나 불안감으로부터 비롯된 것으로 볼 수 있습니다. 학생이 3시간의 공부를 이미 했기 때문에, 이는 한계 편익을 넘어서는 결정의 배경이 될 수 있습니다."
generation-for-nlp-814_aug,재화 X는 경쟁 시장에서 교환됩니다.,"{'question': '질문: 재화 X의 시장 경쟁에서 생산자와 소비자의 가격 부담을 결정짓는 요인은 무엇인가요?', 'choices': ['재화 X의 공급이 제한될 경우, 소비자의 부담이 증가한다.', '재화 X의 수요가 증가하면 생산자의 부담이 감소한다.', '세금 부과 시 수요 곡선의 기울기가 판매 가격에 영향을 미친다.', '재화 X의 생산비용이 증가하면 소비자 가격이 하락한다.', '시장의 경쟁 정도는 세금 부담의 분배에 영향을 주지 않는다.'], 'answer': 3}",,"경쟁 시장에서 재화의 가격 설정은 수요와 공급의 상호작용에 의해 결정됩니다. 세금이 부과될 경우, 이 두 곡선의 기울기가 가격 부담의 분배에 어떻게 영향을 미치는지는 시장의 균형에 큰 영향을 미치며, 특히 수요 곡선이 어떻게 설정되어 있는지가 중요합니다."
generation-for-nlp-815_aug,"한 학생이 경제학 시험 공부를 하면서 피자 세 조각을 먹습니다. 첫 번째 피자 조각의 한계 효용은 10, 두 번째 조각은 7, 세 번째 조각은 3입니다.","{'question': '질문: 한계 효용이 감소하는 이유는 무엇인가요?', 'choices': ['소비자가 피자를 먹기 시작할 때의 만족도가 낮기 때문이다.', '추가적인 소비에 따른 만족도가 감소하기 때문이다.', '피자의 가격이 증가했기 때문이다.', '첫 번째 조각의 맛이 가장 좋기 때문이다.', '학생이 시험 공부로 피자를 먹는 것이기 때문이다.'], 'answer': 2}",,"한계 효용 체감의 법칙에 따르면, 추가적으로 소비하는 단위에서 얻는 만족감은 소비가 증가함에 따라 줄어듭니다. 이 법칙은 소비자가 느끼는 만족의 변화를 설명하는 중요한 경제 개념입니다."
generation-for-nlp-816_aug,미국은 멸치 대신 연어를 교환하는 조건으로 페루와 교역을 하고 있습니다.,"{'question': '질문: 페루가 멸치를 생산하는 데 더 효율적이고, 미국이 연어 생산에서 효율적이라면 두 국가는 어떤 방식으로 이익을 얻을 수 있을까요?', 'choices': ['페루는 멸치와 연어 모두를 생산해 자급자족할 것이다.', '미국은 멸치를 생산해 페루에 수출하고, 페루는 연어를 생산해 미국에 수출할 것이다.', '미국은 연어를 생산해 페루에 수출하고, 페루는 멸치를 미국에 수출할 것이다.', '두 국가는 서로 멸치를 생산해 교역을 하지 않을 것이다.', '미국과 페루 모두 멸치와 연어를 생산해 각각의 시장에 판매할 것이다.'], 'answer': 3}",,"한계 효용 체감의 법칙에 따르면, 추가적으로 소비하는 단위에서 얻는 만족감은 소비가 증가함에 따라 줄어듭니다. 이 법칙은 소비자가 느끼는 만족의 변화를 설명하는 중요한 경제 개념입니다."
