id,paragraph,problems,question_plus
generation-for-nlp-975,"""넓고 무한한 미래는 위대한 미국의 시대가 될 것이다. 많은 나라로 구성된 나라는 거대한 공간과 시간의 영역에서 인류에게 신성한 원칙의 탁월함을 현시하고, 가장 고귀하며 거룩하고 참된 자를 숭배하고자 역대 바쳐진 가장 고귀한 성전을 지상에 세우는 운명을 부여받았다. 그 바닥은 반구가 될 것이다. 그 지붕은 별 가득한 하늘의 창공이 될 것이며, 그 집합은 행복한 수백만으로 구성되고 주인을 부르지 않고 형제애의 법칙이자 '인간 사이의 평화와 선의'의 법인 신의 자연과 도덕적 평등 법칙에 따라 통치하는 많은 공화국의 동맹이 되리라."" 존 L. 오설리번, ""미래의 위대한 국가"", 1839년","{'question': '미국이 오리건 영토를 점령한 방법은 무엇입니까?', 'choices': ['미국은 전후 프랑스와의 조약으로 이 영토를 부여받았습니다.', '미국은 그곳을 거주하던 아메리카 원주민으로부터 구입했습니다.', '이 지역에 가장 먼저 도착한 미국 정착민이 자신의 나라를 위해 주장했습니다.', '영국은 교섭한 조약의 일환으로 이 지역을 미국에 양도했습니다.'], 'answer': 4}",
generation-for-nlp-976,"종교적 직업과 예배에서 양심의 자유가 제한된다면 시민의 자유를 최대한 누리더라도 진정으로 행복할 수 있는 자는 없기 때문입니다. 그리고 전능하신 하나님은 양심의 유일한 주이시며, 빛과 영의 아버지이자, 지성인을 계몽하고 사람들의 이해를 설득하고 확신을 주는 모든 신성한 지식, 신앙, 예배의 입안자이자 대상이십니다. 저는 이로써 이 지역에 거주하는 그 누구도, 세계의 창조자, 유지자, 통치자이신 전능하신 하나님께 고백하고 믿으며, 시민 정부 아래서 조용히 생활할 의무가 있다고 공언하는 자는, 어떤 경우에도 자신의 양심적인 설득이나 관행으로 인해 자신의 인격이나 재산이 타락하거나 피해를 입어서는 안 되며, 종교적 예배, 장소, 사역을 빈번히 하거나 유지할 것을 자신의 정신에 반대하여 강요받아서는 안 됨을 인정하고 선언합니다.","{'question': '펜의 특권 헌장으로 펜실베이니아는 어떤 변화를 맞았습니까?', 'choices': ['영국령 아메리카에서 종교적 다양성이 가장 높은 식민지가 되었습니다.', '미국에서 종교적 다양성이 낮은 편인 식민지가 되었씁니다.', '마녀사냥과 대중적인 미신으로 악명이 높아졌습니다.', '전통적 종교 관습에 대한 적대감으로 유명해졌습니다.'], 'answer': 1}",
generation-for-nlp-977,"""우리는 공교육 분야에서 '분리하되 평등'이라는 원칙이 설 자리가 없다는 결론을 내렸다. 분리된 교육시설은 본질적으로 불평등하다. 따라서 우리는 이로 인해 소송을 제기한 원고 및 기타 유사한 상황에 처한 사람들은 분리로 인해 수정헌법 제14조로 보장된 법률의 동등한 보호를 받지 못한다고 판단한다."" 브라운(Brown) 대 교육위원회, 1954년","{'question': '학교의 인종분리 철폐는 부분적으로 다음 중 어떤 계획이 약속대로 이행되지 않은 데 대한 대응이었습니까?', 'choices': ['위대한 사회', '공정 정책', '뉴딜', '재건'], 'answer': 4}",
generation-for-nlp-978,"""300여년 전 식민지 시대 미국 연방의 기반이 놓인 이래 우리 해안에 새로 온 사람을 대상으로 끊임없는 불만과 다소 격렬한 박해가 이루어져 왔다. 또한 1840년경 의회 보고서에는 영국인, 스코틀랜드인, 웨일스인 이민자를 극빈자, 범죄자 등이라며 비난하는 내용이 가득하다. 아일랜드계와 독일계 디트로이트 노인들은 1840년부터 수십 년 동안 고국의 시민적, 인종적, 종교적 박해를 피해 건너온 아일랜드계와 독일계의 거대한 물결에 맞서 맹렬하고 장황한 비난과 선전을 벌였다고 했다. 큐 클럭스 클랜의 직계 조상인 ""무지당(Know-Nothings)""은 아일랜드인과 독일인을 잡종, 쓰레기, 외국인, 우리 기관에 대한 위협이라며 영광스러운 역사와 조상을 자랑하는 다른 훌륭한 코카서스 인종의 일족이 오늘날 비난을 받고 있는 것과 마찬가지로 신랄히 비난했다…. 그러나 오늘날 인종적 나병환자는 이탈리아인, 스페인인, 폴란드인, 유대인, 그리스인, 러시아인, 발칸인 등이다…. 이 법안에서 우리는 최악의 인종차별을 발견한다. 10년마다 실시하는 인구 조사에서 84년 전으로 돌아가려는 고의적인 시도인데, 특히 최근 세계대전 동맹국인 폴란드와 이탈리아에 타격을 가하고자 동유럽과 남부 유럽 민족을 겨냥한 듯하다."" 로버트 H. 클랜시(Robert H. Clancy), 의회 기록, 68차 의회, 1차 회기, 1924년","{'question': '다음 입법안 중 토착주의 사례로 가장 가까운 것은 무엇입니까?', 'choices': ['1935년 와그너법', '1798년 외국인 및 선동법', '1917년 간첩법', '1965년 이민 및 국적법'], 'answer': 2}",
generation-for-nlp-979,“나는 한 때 억압의 도구였고 바보처럼 녹색이었다 독점 기업들은 담합해 나 같은 촌뜨기를 짓밟았다. “철도 기업과 오랜 당 간부들은 달콤한 합의를 이루었다 그리고 나 같은 촌뜨기를 짓밟는 일은 쉬울 거라고 생각했다. ––“촌뜨기”,"{'question': '이 노래와 연결된 운동이 강조하는 1800년대 후반 보다 광범위한 사회의 발전은 다음 중 무엇입니까?', 'choices': ['특히 대기업 관련 정부 부패로 대중은 대중 통제 강화와 지방, 주, 중앙 정부 개혁을 요구하였습니다.', '고통을 겪는 아프리카계 미국인과 백인 농민, 도시 공장 노동자의 대규모 운동은 연방 법률에 상당한 영향력을 행사할 수 있었습니다.', '이 시대 양당체제가 무너지고 창당 10년 이내 의회를 장악할 수 있는 주요 정당이 추가로 등장했습니다.', '1890년대 개척지에서 아메리칸 인디언과 전투가 계속되어 서부 농부들이 두려워하고 고통받았습니다.'], 'answer': 1}",
generation-for-nlp-981,"대형 신발 공장 파업 중 헐 하우스에서 열린 소녀 노동자 모임에서 진행된 토론을 통해, 가장 쉽게 겁먹고 항복한 파업 노동자는 당연히 식비를 내는 소녀들이었으며, 지나치게 뒤처지면 퇴출될까봐 두려웠음이 분명해졌다. 특별한 고난이 있었던 사건을 낭독한 후 그중 하나는 이렇게 외쳤다. ""우리만의 기숙 클럽이 있어 이럴 때 서로 돕는다면 좋지 않을까?"" 그 후 사건은 빠르게 진행되었다. 우리는 ... 그러한 사업의 어려움과 장점을 모두 논했고, 1891년 5월 1일 헐 하우스 근처에 두 개의 편안한 아파트를 임대하고 가구를 놓았다. 복지관은 가구를 책임지고 첫 달 임대료를 지불했지만, 이후에는 회원들이 직접 클럽을 관리했다.… 3년차 말, 클럽은 원래 건물에 있던 아파트 6개를 모두 점유했으며 회원 수는 50명이었다.","{'question': '다음 중 정착 시설 직원이 동기를 부여받을 가능성이 가장 높은 것은?', 'choices': ['사회복음주의', '사회다윈주의', '공산주의', '도시 정치기구의 지원'], 'answer': 1}",
generation-for-nlp-982,"""링컨은 노예제를 강력하게 반대했으나 노예제 폐지론자나 급진 공화당원도 아니었고 자신이 그렇다고 주장한 적도 없다. 링컨은 ‘어디에 있건 모든 사람은 자유로울 수 있다’는 개인적 소망을 자주 언급했으나 남부의 노예 재산권을 인정한 헌법 및 법률 체제에서 자신의 입법자, 의원이자 대통령으로서의 공식적인 의무와 소망의 구분을 명확히 했습니다. 노예해방 선언문을 발표한 후에도 점진적 폐지를 선호한다는 입장을 계속 밝혔다. 그의 인종적 견해는 남북전쟁 중 바뀌었으나 결코 프레더릭 더글러스나 웬델 필립스 같은 노예폐지론자, 찰스 섬너 같은 급진적 공화당원처럼 원칙을 지키는 평등주의자였던 적이 없다. —에릭 포너, 불타는 재판, 2010년","{'question': '링컨 대통령의 노예해방 선언으로 남북전쟁의 과정이 어떻게 변경되었습니까?', 'choices': ['선언문으로 인해 남부연합이 자신들의 대의가 무익함을 깨달아 전쟁은 신속하게 종결되었습니다.', '선언문으로 인해 영국이 북부연방 편에 서서 전투에 참여하게 되어 전쟁 규모가 커졌습니다.', '남부연합의 제퍼슨 데이비스 대통령은 노예해방을 위한 북부연방의 노력에 대규모 저항을 맹세했습니다.', '미국의 전쟁 목표가 더는 북부연방 보존에만 집중되지 않았습니다.'], 'answer': 4}",
generation-for-nlp-983,"""오명으로 남을 어제 1941년 12월 7일 미국은 일본 제국의 해공군으로부터 갑작스럽고 고의적인 공격을 받았습니다. 미국은 일본과 평화를 유지했고 일본 요청에 따라 태평양 평화 유지를 위해 일본 정부 및 천황과 여전히 대화를 나누는 중이었습니다. 실제 일본 공군 비행대의 폭격 개시 한 시간 후… 주미 일본 대사와 그 동료는 최근 미국의 전언에 대한 공식 답변을 국무장관에게 전달했습니다. 이 답변에는 기존 외교 협상을 계속하는 일이 무익해 보인다고 명시는 되어 있지만 전쟁이나 무력 공격에 대한 위협이나 암시는 포함되어 있지 않고… 어제의 공격은… 미 해군과 군대에 심각한 피해를 입혔습니다. 매우 많은 미국인이 생명을 잃었습니다. 또한 미국 선박이 공해에서 어뢰로 격침당했다는 보고를 받았습니다.... 저는 육해군의 총사령관으로서 조국 방어를 위해 모든 조치를 취할 것을 지시했습니다."" 프랭클린 D. 루즈벨트 대통령, 라디오 연설, 1941년 12월 8일","{'question': '다음 중 위에서 설명한 전쟁 선포의 경제적 결과를 가장 잘 설명한 것은 무엇입니까?', 'choices': ['아시아 국가들과의 무역 감소로 미국과 유럽 모두의 경기 침체가 나타났습니다.', '아시아와 유럽이 전쟁으로 황폐화되어 미국은 지구상에서 가장 번영하는 국가 중 하나로 부상할 수 있었습니다.', '냉전의 긴장으로 인해 소련과 미국 경제가 고립되어 두 국가 모두 경제적 어려움을 겪었습니다.', '이후 일본은 미국에 배상금을 지불해야 하여 장기 불황에 빠졌습니다.'], 'answer': 2}",
generation-for-nlp-984,"""이 법이 통과된 이후 누구든 흑인이나 흑인 혼혈을 평생 노예나 하인으로 부릴 목적, 혹은 어떤 용어를 사용하든 무력이나 폭력으로 판매 또는 처분하거나, 판매의 원인이 되거나, 구류 또는 억류하거나, 구류나 억류의 원인이 되게 할 목적 또는 의도로 납치하거나, 이동하거나, 납치당하게 하거나, 이동당하게 하거나, 사기나 허위로 유혹하거나, 유혹당하게 하거나, 또는 탑치하거나, 이동하거나, 유혹하려는 목적으로 여하한 흑인이나 흑인 혼혈을 이 영연방 일부에서 여하한 다른 지역이나 이 영연방 외부로 데려간다면 그러한 사람 모두는 물론 조력자나 방조자 역시 적절한 관할권이 있는 영연방 법원에서 중범죄로 유죄 판결을 받는다."" —1826년 펜실베니아 법률 발췌","{'question': '이 펜실베니아 법의 통과와 시행이 반영하는 당시의 갈등은 무엇입니까?', 'choices': ['농촌과 도시의 이익', '연방법과 주법', '점진적인 해방을 선호하는 사람과 즉각적인 해방을 선호하는 사람', '정부의 상업규제를 지지하는 사람과 반대하는 사람'], 'answer': 2}",
generation-for-nlp-985,"""넓고 무한한 미래는 위대한 미국의 시대가 될 것이다. 많은 나라로 구성된 나라는 거대한 공간과 시간의 영역에서 인류에게 신성한 원칙의 탁월함을 현시하고, 가장 고귀하며 거룩하고 참된 자를 숭배하고자 역대 바쳐진 가장 고귀한 성전을 지상에 세우는 운명을 부여받았다. 그 바닥은 반구가 될 것이다. 그 지붕은 별 가득한 하늘의 창공이 될 것이며, 그 집합은 행복한 수백만으로 구성되고 주인을 부르지 않고 형제애의 법칙이자 '인간 사이의 평화와 선의'의 법인 신의 자연과 도덕적 평등 법칙에 따라 통치하는 많은 공화국의 동맹이 되리라."" 존 L. 오설리번, ""미래의 위대한 국가"", 1839년","{'question': '다음 중 위에 묘사된 원리를 가장 잘 설명한 것은 무엇입니까?', 'choices': ['식민지 주민들은 신세계와 영국 사이 거리 때문에 대영제국을 떠날 운명이었습니다.', '여성은 생물학적으로 자녀양육과 가사노동이라는 삶을 살도록 예정되어 있습니다.', '미국의 서해안 확장은 불가피했으며 신의 허가를 받았습니다.', '미국에서 노예제도가 폐지된 것은 노예제도가 부도덕했기 때문입니다.'], 'answer': 3}",
generation-for-nlp-986,"""나는 우리와 우리 조상이 영적인 문제에서 행동하며 속세의 권력을 행사하는 크고 놀라운 실수를 목격합니다. 주 예수의 마지막 유언장을 여러 번 읽었으나 예수께서 기꺼이 속세의 면류관과 정부를 받아들이셨더라면 예수의 영적인 사안과 왕국의 문제에 속세나 시민 권력의 아주 작은 부분이라도 제안하셨을 것인데, 이는 유언에서 단 한 마디도 찾을 수 없었습니다. 그러므로 시민 국가가 인간의 영혼에 종교, 예배, 사역, (종교 및 시민 문제에서) 맹세, 십일조, 시기, 날, 결혼, 성소 매장 등을 강요하는 것은 애석하게도 그리스도 예수에 대한 간증에 어긋나는 일이 아닐 수 없습니다…"" 로저 윌리엄스(Roger Williams), 그리스도께 속하지 않는 상업적 사역, 1652","{'question': '청교도들이 종교를 실천할 자유가 확대되어야 한다고 믿었던 사람들을 고르십시오.', 'choices': ['청교도만', '모든 개신교도만', '모든 기독교인만', '모든 유대인과 기독교인만'], 'answer': 1}",
generation-for-nlp-987,"오늘 밤, 아이들의 미래를 가장 큰 목표로 삼은 한 여성의 딸이 우리 모두를 위한 미래에 대해 미국에서 가장 오래된 정당에게 고합니다. 오늘 밤, 일하는 미국인의 딸은, 모든 미국인에게 우리가 기꺼이 손을 뻗으면 미래는 손에 닿는다는 점을 전합니다. 오늘 밤, 이탈리아 출신 이민자의 딸은 아버지가 사랑하게 된 새로운 땅의 (부)통령 출마자 지명을 받았습니다.… 미국인들은 동일한 규칙에 따라 살고 싶어합니다. 하지만 현 정부 하에서는 너무 많은 국민들에게 규정이 동일하지 않습니다. 개인이 내는 세금 몫은 매년 늘어나고, 대기업이 내는 몫은 점점 줄어들고 있는 것은 옳지 않습니다.… 젊은 부부가 50,000개의 핵탄두가 있는 세계에 아이를 낳을지 의문을 품는 일은 옳지 않습니다. 미국인들이 2세기 넘게 노력해 온 비전이 아닙니다.… 오늘 밤, 우리는 꿈을 되찾습니다. 우리는 다시 모든 미국인을 위한 미국적 삶의 규칙을 만들 겁니다.… 문제는 미국이 여성을 위해 무엇을 할 수 있는지가 아니라 여성이 미국을 위해 무엇을 할 수 있는지입니다.","{'question': '위 구절에 표현된 사상으로 인해 1980년대 다음 중 가장 직접적으로 강화된 것은 무엇입니까?', 'choices': ['정부의 군비증강 반대', '다양한 산업규제 완화 노력', '복지제도 개혁을 위한 노력', '정부의 냉전정책 지지'], 'answer': 1}",
generation-for-nlp-988,"나는 어떤 백인에게라도 이렇게 말하겠다. 그가 배고픈 채로 로건의 오두막에 들어갔는데 로건이 고기를 주지 않았다면? 차갑고 벌거벗은 그에게 로건이 옷을 주지 않았다면? 길고 피비린내 나는 마지막 전쟁이 진행되는 동안 로건은 평화를 옹호하며 자기 오두막에서 한가롭게 지냈다. 백인에 대한 나의 사랑이 그러했기에 우리 동포들은 지나가며 로건을 가리키며 ""로건은 백인의 친구""라고 말했다. 나는 그대들과 더불어 살리라 생각한 적도 있었으나 단 한 남자가 입힌 상해 때문에 그만두었다. 지난 봄, 냉혈하며 도발당하지 않은 크레삽 대령은 로건의 모든 친척은 물론 나의 아내와 아이도 살해했다. 어떤 생명체의 혈관에도 내 피 한 방울이 흐르지 않는다. 나는 복수를 다짐했다. 방법을 찾았다. 나는 많은 사람을 죽였다. 나는 복수심을 철저히 과시했다. 나는 조국을 위한 평화의 빛을 기뻐한다. 그러나 이 감정이 두려움의 기쁨이라는 생각은 품지 않는다. 로건은 두려움을 느낀 적 없다. 그는 자기 목숨을 아끼고자 배신하지 않을 것이다. 로건을 애도할 자 있는가? 아무도 없다. —인디언 지도자 로건의 연설, 1774년","{'question': '다음 중 위 구절에서 로건의 관점을 가장 잘 표현한 것은 무엇입니까?', 'choices': ['로건은 영국 정착촌의 확장이 중단되어야 한다고 믿습니다.', '로건은 가족을 잃은 것을 슬퍼합니다.', '로건은 새로운 평화 조약에 반대합니다.', '로건은 인디언들이 단결하여 힘을 찾아야 한다고 믿습니다.'], 'answer': 2}",
generation-for-nlp-989,"우리 선조들 덕택에 우리나라는 산업혁명의 첫 물결, 현대 발명의 첫 물결, 원자력의 첫 물결을 겪었고, 이번 세대는 다가오는 우주 시대의 역류에 허우적거리지 않을 것입니다. 우리는 그 일부가 되고, 이끌 것입니다. 이제 세상의 눈은 우주, 달, 그 너머 행성을 바라보고 있으며, 우리는 우리나라가 적대적인 정복의 깃발이 아니라 자유와 평화의 깃발로 통치받는 모습을 보게 되리라고 맹세했기 때문입니다. 우리는 대량살상무기가 아닌 지식과 이해의 도구로 가득한 우주를 보게 될 것이라 맹세했습니다.… 우리는 달에 갈 것입니다. 우리는 이번 10년 안에 달에 가서 다른 일을 할 것입니다. 쉽기 때문이 아니라 어렵기 때문이며, 그 목표는 우리가 가진 최고의 에너지와 기술을 조직하고 측정할 것이기 때문이며, 이 도전은 우리가 기꺼이 받아들이는 것이자, 연기할 수 없는 것이자, 쟁취하려는 것이자, 나머지도 마찬가지기 때문입니다.","{'question': '케네디의 연설로 인해 가장 직접적으로 일어난 사건은 다음 중 무엇입니까?', 'choices': ['베트남 전쟁', '상호확증파괴(MAD) 핵전략', '아폴로 우주 프로그램', '위대한 사회 프로그램'], 'answer': 3}",
generation-for-nlp-991,"""미국인들은 정부와 선출직 공무원을 비판할 능력을 포함하여 세계 어느 나라 시민보다 자유와 권리를 더 많이 가지고 있습니다. 그러나 원하는 바를 이루지 못할 때 폭력이나 폭력의 위협에 의지할 권리는 없습니다. 건국자들은 이성이 두려움을 압도하는 정부 체제를 구축했습니다. 오클라호마시는 법 없이는 자유도 없음을 다시금 증명했습니다. 비판은 민주주의의 생명선입니다. 항상 옳은 사람은 없습니다. 하지만 정책이나 정치인 비판과, 우리 자유를 보장하는 정부와 법을 집행하는 공무원을 악마화하는 일에는 큰 차이가 있다는 점을 기억해야 합니다."" 빌 클린턴 대통령, ""우리가 오클라호마시에서 배운 것"", 2010년 (오클라호마시 폭격 15주기 작성) ""와코가 없었다면 난 어딘가에 뿌리를 내렸을 것이고 우리 정부가... 나에게 위협이 된다는 사실에 그리 불안해하지 않았을 것이다. 와코가 암시하는 모든 것이 내 생각의 최전선에 있었다. 그것이 향후 몇 년 동안 내 길을 안내해 주었다."" 티모시 맥베이, 오클라호마 시티 폭격기, 2001년 미국 하원의원 존 코니어스, 텍사스주 와코 다윗교단 지파 대치를 둘러싼 사건: 1993년 하원 사법위원회 청문회 세 번째 발췌문에서 코니어스 대표는 ""운디드니""를 다음의 예로 들었습니다.","{'question': '이 지문에 나타난 정보는 무엇입니까?', 'choices': ['폭력적인 교단', '연방정부의 권력 남용', '폭탄 테러 현장', '최근 연방 요원과 라코타 인디언 사이의 갈등'], 'answer': 2}",
generation-for-nlp-992,"""이 법이 통과된 이후 누구든 흑인이나 흑인 혼혈을 평생 노예나 하인으로 부릴 목적, 혹은 어떤 용어를 사용하든 무력이나 폭력으로 판매 또는 처분하거나, 판매의 원인이 되거나, 구류 또는 억류하거나, 구류나 억류의 원인이 되게 할 목적 또는 의도로 납치하거나, 이동하거나, 납치당하게 하거나, 이동당하게 하거나, 사기나 허위로 유혹하거나, 유혹당하게 하거나, 또는 탑치하거나, 이동하거나, 유혹하려는 목적으로 여하한 흑인이나 흑인 혼혈을 이 영연방 일부에서 여하한 다른 지역이나 이 영연방 외부로 데려간다면 그러한 사람 모두는 물론 조력자나 방조자 역시 적절한 관할권이 있는 영연방 법원에서 중범죄로 유죄 판결을 받는다."" —1826년 펜실베니아 법률 발췌","{'question': '위 발췌한 펜실베니아 법을 둘러싼 논쟁과 갈등에 반영된 헌법 입안자들의 행동은 다음 중 무엇입니까?', 'choices': ['노예제는 원래의 13개 주 ""영원히"" 보호될 것이라고 구체적으로 선언했습니다.', '주가 주 헌법에 위배되는 연방법에서 면제되는 것을 허용했습니다.', '노예 문제의 해결책을 미루었습니다.', '노예는 시민이자 재산이 될 수 있다고 선언했습니다.'], 'answer': 3}",
generation-for-nlp-993,"""미국의 법과 조약은 의견과 공감의 자유로운 표현, 무기나 군수품의 상업적 제조나 판매를 방해하지 않음에도 불구하고 그 영토와 관할권 내에 있을 수 있는 모든 사람에게 분쟁 진행 중 불편부당한 중립 의무를 부과한다. 또한 전쟁 목적에 부응하는 수역 통과를 허용하거나 묵인하지 않는 것이 중립 정부의 의무이다.
""그러므로 이제 나 우드로 윌슨 미합중국 대통령은 미국의 중립을 지키고자… 이로써 선언하고 또 표시한다…
""미국의 법령, 조약, 국제법은 모두 미국 영토와 관할권 내에서 어느 누구도 언급한 전쟁에 누구도 직간접적으로 가담하지 않고 모든 교전국과 평화를 유지하며 엄격하고 공정한 중립을 유지해야 한다…""","{'question': '제1차 세계대전 중 연방정부 권력이 강화되지 않은 분야를 고르십시오.', 'choices': ['전시산업위원회', '식품행정', '간첩법', '도스안'], 'answer': 4}",
generation-for-nlp-994,"그러는 동안 인디언들은 그들 주위를 조용히 찾아왔고 냉담한 모습을 보인 적도 있지만, 누구든 근처에 접근하면 도망가곤 했다. 한번은 그들이 일하던 곳에서 저녁을 먹으러 나가자 도구를 훔쳐간 적도 있었다. 그런데 3월 16일즈음 그중 한 인디언이 담대하게 다가와 그들에게 서투른 영어로 말을 걸었는데, 잘 이해할 수 있었고 그 사실에 놀랐다. 마침내 그들은 대화를 통해 그 인디언은 이곳 사람이 아니며 일부 잉글랜드 선박이 고기를 잡으러 오는 동부 사람이라는 점을 알게 되었다. 선박 사람들을 통해 인디언은 얼굴이 알려졌고 잉글랜드 사람들의 이름도 잡다하게 알게 되었을 뿐더러 영어도 익혔다. 자기가 살던 동쪽 지방의 사정에 관하여 많은 것을 잉글랜드 사람들에게 알려주어 많은 도움이 되었고, 이는 나중에 이익으로 이어졌다. 여기에 있는 사람들의 이름, 수, 권력, 상황, 그곳으로부터의 거리, 추장이 누구인지에 대해서도 말이다. 그의 이름은 사모세트였다. 그는 또한 잉글랜드에도 다녀왔고 자기보다 영어를 더 잘한다는 이곳 출신 스콴토라는 또 다른 인디언의 이야기를 해 주었다.","{'question': '위 구절의 윌리엄 브래드포드의 관점을 가장 잘 표현한 것은 다음 중 무엇입니까?', 'choices': ['좋은 인디언은 죽은 인디언뿐입니다.', '미국 원주민들은 기독교로 개종해야 합니다.', '아메리카 원주민은 새로운 식민지에 통합되어야 합니다.', '아메리카 원주민이 영어를 배우고 문화중개자 역할을 할 수 있다는 점에 놀랐습니다.'], 'answer': 4}",
generation-for-nlp-995,“나는 한 때 억압의 도구였고 바보처럼 녹색이었다 독점 기업들은 담합해 나 같은 촌뜨기를 짓밟았다. “철도 기업과 오랜 당 간부들은 달콤한 합의를 이루었다 그리고 나 같은 촌뜨기를 짓밟는 일은 쉬울 거라고 생각했다. ––“촌뜨기”,"{'question': '다음 중 위 노래 가사와 유사한 정서를 중심으로 조직된 정치운동의 성과는 무엇입니까?', 'choices': ['최저임금법 제정', '철도규제법 제정', '미국 통화를 금본위제에서 은본위제로 전환', '소규모 농민을 위한 가격지지 시스템 구축'], 'answer': 2}",
generation-for-nlp-996,"""우리는 그것이 내전이었으며, 수년 동안 모든 식민지의 영향에서 해방을 추구해 온 사람들의 노력이었음을 알았다. 또한 우리가 열성적으로 우리의 이미지를 본따 만들었던 베트남인이 가혹한 처지에 놓였다는 것을 알게 되었다. 다름아닌 바로 우리가 베트남인을 구원하리라 생각했던 위협에 맞서 싸우기 위해서 말이다.
""우리는 사람들 대부분이 공산주의와 민주주의의 차이조차 모른다는 사실을 발견했다. 이들은 헬리콥터의 맹폭을 받지 않고, 네이팜탄이 든 폭탄으로 마을이 불타고 나라가 분열되는 일 없이 논에서 일하고 싶었을 뿐이다. 이들은 전쟁과 관련된 모든 사항, 특히 미국의 외국 주둔과 관련해 그저 자신들을 평화로이 내버려두기를 원했고, 특정 시대에 군대가 존재하면 한편이 되어 생존의 기술을 실천했다. 그것이 베트콩이든, 북베트남이든, 미국인이든 말이다."" 존 케리, 1971","{'question': '위에서 설명한 갈등은 다음 중 어떤 독트린의 결과일 가능성이 가장 높습니까?', 'choices': ['제국주의', '봉쇄', '곤봉정책', '고립주의'], 'answer': 2}",
generation-for-nlp-998,"자유인이 항상 가장 애써서 지켜온 권리 중 하나는 자신의 근면에 대한 보상을 즐길 권리다. 과세하는 권력은 파괴하는 권력이며 일정량의 재산이나 소득을 가져갈 권력이라는 점을 깨달으면 시민이 자기 시간 중 일정 기간을 정부를 위해 일해야 하며 국민에 대한 세금 부과는 가장 신중하게 보호되었다는 말을 다르게 표현할 뿐이라는 사실을 알게 된다... 긴급한 필요나 건전한 공공 정책에 요구되지 않는 세금을 국민에게 부과하는 정부는 자유의 수호자가 아니라 폭정의 도구다. 그런 정부는 시민을 폭정으로 괴롭힌다. 자유정부 붕괴의 첫 징후 중 하나는 과세 권력이 국민의 재산권을 무시하는 것이다.… 국민이 불합리한 과세로부터 헌법에 의해 보장된 재산 소유에 대한 합리적인 안전을 누릴 수 없다면 자유는 끝을 맞이한다.… 우리에게는 경제가 필수적이다. 이는 우리 민족성을 전면적으로 시험하는 것이다... 항상 피땀흘린 사람만이 지불한다. —캘빈 쿨리지, ""모두의 이익 속 경제"", 1924년 6월 30일","{'question': '다음 대통령 중 쿨리지의 감정을 공유할 가능성이 가장 높은 대통령은 누구입니까?', 'choices': ['프랭클린 D. 루즈벨트', '린든 B. 존슨', '로날드 레이건', '버락 오바마'], 'answer': 3}",
generation-for-nlp-999,"대형 신발 공장 파업 중 헐 하우스에서 열린 소녀 노동자 모임에서 진행된 토론을 통해, 가장 쉽게 겁먹고 항복한 파업 노동자는 당연히 식비를 내는 소녀들이었으며, 지나치게 뒤처지면 퇴출될까봐 두려웠음이 분명해졌다. 특별한 고난이 있었던 사건을 낭독한 후 그중 하나는 이렇게 외쳤다. ""우리만의 기숙 클럽이 있어 이럴 때 서로 돕는다면 좋지 않을까?"" 그 후 사건은 빠르게 진행되었다. 우리는 ... 그러한 사업의 어려움과 장점을 모두 논했고, 1891년 5월 1일 헐 하우스 근처에 두 개의 편안한 아파트를 임대하고 가구를 놓았다. 복지관은 가구를 책임지고 첫 달 임대료를 지불했지만, 이후에는 회원들이 직접 클럽을 관리했다.… 3년차 말, 클럽은 원래 건물에 있던 아파트 6개를 모두 점유했으며 회원 수는 50명이었다.","{'question': '헐 하우스와 같은 정착지에서 표현된 개혁가들의 열망은 무엇입니까?', 'choices': ['이민자의 기독교 개종', '정치적 급진주의 방지', '산업에 저렴한 노동력 제공', '도시 지역의 환경 개선'], 'answer': 4}",
generation-for-nlp-1000,"""넓고 무한한 미래는 위대한 미국의 시대가 될 것이다. 많은 나라로 구성된 나라는 거대한 공간과 시간의 영역에서 인류에게 신성한 원칙의 탁월함을 현시하고, 가장 고귀하며 거룩하고 참된 자를 숭배하고자 역대 바쳐진 가장 고귀한 성전을 지상에 세우는 운명을 부여받았다. 그 바닥은 반구가 될 것이다. 그 지붕은 별 가득한 하늘의 창공이 될 것이며, 그 집합은 행복한 수백만으로 구성되고 주인을 부르지 않고 형제애의 법칙이자 '인간 사이의 평화와 선의'의 법인 신의 자연과 도덕적 평등 법칙에 따라 통치하는 많은 공화국의 동맹이 되리라."" 존 L. 오설리번, ""미래의 위대한 국가"", 1839년","{'question': '다음 서부 이주의 변화 중 1840년대에 일어났을 가능성이 가장 높은 것은 무엇입니까?', 'choices': ['오리건 준주로 향하는 개척자 수는 감소한 반면, 캘리포니아로 향하는 개척자 수는 크게 증가했습니다.', '첫 대규모 이주 물결은 끝났고, 남북전쟁이 끝날 때까지 이주자 수는 극도로 낮은 상태를 유지했습니다.', '개척자들이 처음으로 미시시피 강 서쪽 지역에 정착하기 시작했습니다.', '동부에서 환영받지 못했던 수많은 자유 흑인들이 서부에 다시 정착하기 시작했습니다.'], 'answer': 1}",
generation-for-nlp-1001,"""기혼 여성의 재산을 보다 효과적으로 보호하기 위한 법률:
""§1. 앞으로 결혼할 여성의 부동산, 결혼 시 그 부동산에서 나오는, 임대료, 토지에서 나오는 수익, 이익은 남편의 단독 처분 대상이 되어서는 아니되며, 남편의 채무에 대한 책임이 없으며, 마치 미혼 여성인 것처럼 단독으로 별도의 재산을 계속 유지해야 한다.
""§2. 현재 결혼한 여성의 부동산 및 동산과 그에서 나오는 임대료, 수익, 이익은 남편에 의한 처분 대상이 될 수 없으나, 종전에 계약한 남편의 빚에 책임을 지는 경우를 제외하고는, 마치 미혼 여성인 것처럼 단독인 별도의 재산이다.
""§3. 기혼 여성은 남편이 아닌 다른 이로부터 부동산 및 동산을 포함해 그에 부속된 이권이나 자산을 상속, 증여, 부여, 고안 또는 유증받아 단독 개별 사용이 가능하며, 전달 및 고안할 수 있으며 부속된 임대료, 이득, 이익은 미혼 여성과 동일한 방식과 효과를 갖는다. 이 재산은 남편이 처분할 수 없으며 남편의 빚에 책임을 지지 않는다.""
—기혼 여성 재산법, 뉴욕 주(1848)","{'question': '이 지문에 나타난 정보는 무엇입니까?', 'choices': ['투표권에 대한 접근권을 둘러싼 토론', '결혼법에서 연방정부의 역할을 둘러싼 토론', '채용 차별을 둘러싼 토론', '여성의 법적 지위를 둘러싼 토론'], 'answer': 4}",
generation-for-nlp-1003,"명백히 독재자 하나가 더는 침략에 맞서는 유엔 공동행동을 방해할 목적으로 동서 대결에 의존할 수는 없게 되었습니다. 새로운 국가 파트너십이 시작되었습니다. 그리고 오늘 우리는 독특하고 특별한 순간을 맞이합니다. 페르시아만의 위기는 아주 심각하지만 역사상 협력의 시기를 향해 나아갈 수 있는 흔치 않은 기회이기도 합니다. 이 어려운 시기 우리의 다섯 번째 목표인 신세계 질서가 나타날 수 있습니다. 테러 위협에서 더욱 자유롭고, 더욱 강한 힘으로 정의를 추구하며, 더욱 안전하게 평화를 추구할 새로운 시대입니다. 동서남북을 막론하고 세계 각국이 번영하고 화합하며 살아갈 수 있는 시대입니다.","{'question': '부시 대통령의 ""신세계 질서""와 가장 직접적으로 닮은 것은 다음 중 무엇입니까?', 'choices': ['먼로 독트린', '시어도어 루즈벨트의 ""곤봉정책""', '우드로 윌슨의 14개조', '소련 봉쇄정책'], 'answer': 3}",
generation-for-nlp-1004,"상처를 입으면 불평할 권리가 있음은 모든 자유인이 주장하는 당연한 일이자, 특권이자, 더 나아가 권리입니다. 권력 남용에 가장 강력한 표현으로 공개 항의하고 권위 있는 자들의 술수나 공공연한 폭력을 이웃에게 경계토록 하며, 자유라는 축복, 자신이 자유에 부여한 가치, 어떠한 위협을 무릅쓰고라도 하늘이 줄 수 있는 가장 큰 축복 중 하나를 지키려는 결의에 가진 감각을 용기있게 주장할 권리가 있습니다.… 그러나 결론적으로 말하자면, 법원과 배심원 여러분, 여러분 앞에 놓인 질문은 작거나 사적인 문제가 아닙니다. 여러분이 심리하는 질 나쁜 인쇄업자나 뉴욕만의 대의도 아닙니다. 아닙니다! 결과적으로 미국 본토 영국 정부 하에 사는 모든 자유인에게 영향을 미칠 수 있습니다. 최고의 대의입니다. 자유의 대의지요. 그리고 제가 의심하지 않는 바는, 오늘 여러분의 옳은 행동만이 여러분이 동료 시민의 사랑과 존경을 받을 자격을 주며 노예생활보다 자유를 선호하는 모든 사람들이 여러분을 폭정 시도에 맞서 불편부당하고 부패하지 않은 판결을 통해 우리 자신, 후손, 이웃을 보호하기 위한 고귀한 기초를 마련했으며, 우리나라의 자연과 법이 우리에게 진실을 말하고 기록함으로써 (적어도 세계의 이 지역에서) 독단적 권력을 폭로하고 반대할 자유라는 권리를 부여한 자로서 축복하고 존경할 것이라는 것입니다.","{'question': '젠거 사건에서 해밀턴의 승소가 가장 직접적으로 반영하는 것은 다음 중 무엇입니까?', 'choices': ['영국으로부터 독립하려는 미국의 열망', '계몽주의 이상에 대한 미국의 거부', '미국 식민지의 오랜 자치 전통', '미국과 영국의 경제적 관계 약화'], 'answer': 3}",
generation-for-nlp-1005,"""우리는 25년 넘게 두 거대 정당이 권력을 얻고 빼앗으려 드는 동안 고통받는 자들에게 심각한 악행이 가해지는 것을 목격해 왔습니다. 우리는 두 정당을 지배하는 통제적 영향력으로 인해, 이들을 막거나 제지하려는 진지한 노력 없이 기존의 끔찍한 상황이 악화되었음을 비난합니다. 두 정당은 이제 우리에게 진정한 개혁을 전혀 약속하지도 않습니다. 다가오는 유세에서 모든 문제를 무시하기로 상호 동의했으나, 한 가지는 예외입니다. 두 정당은 관세를 둘러싼 가짜 싸움의 소동으로 약탈당한 이들의 부르짖음을 잠재울 것을 제안합니다. 그리하여 자본가, 기업, 국립은행, 불법 집단, 신탁, 실제 가치보다 부풀려진 주식, 은 화폐화 폐지, 고리대금업자 탄압이 모두 눈을 씻고도 찾아볼 수 없도록 말입니다. 두 정당은 우리의 집과, 삶과, 아이들을 우상의 제단에 희생하겠다고 제안합니다. 백만장자로부터 부패 자금을 확보하기 위해 다수를 파괴하자는 겁니다.

""건국기념일을 맞아 모여, 독립을 이룩한 대장군과 추장의 기상으로 가득한 우리는, 공화국 정부를 다시 그 근원 계급인 ‘평범한 국민’의 손에 맡기고자 합니다. 우리의 목적은 헌법의 목적과 동일하다고 주장합니다. 더욱 완벽한 연방을 만들고, 정의를 확립하며, 국내의 평온을 보장하고, 공동 방어를 제공하고, 일반 복지를 증진하며, 우리와 후손을 위한 자유의 축복을 확보하는 것입니다."" 포퓰리스트 정당 플랫폼, 1892","{'question': '포퓰리즘당이 제시한 많은 목표를 가장 밀접하게 공유하는 정치운동은 다음 중 무엇입니까?', 'choices': ['1900년대 초반 진보주의', '1980년대 신보수주의', '1700년대 후반 연방주의', '1800년대 초 잭슨 민주주의'], 'answer': 1}",
generation-for-nlp-1006,"대형 신발 공장 파업 중 헐 하우스에서 열린 소녀 노동자 모임에서 진행된 토론을 통해, 가장 쉽게 겁먹고 항복한 파업 노동자는 당연히 식비를 내는 소녀들이었으며, 지나치게 뒤처지면 퇴출될까봐 두려웠음이 분명해졌다. 특별한 고난이 있었던 사건을 낭독한 후 그중 하나는 이렇게 외쳤다. ""우리만의 기숙 클럽이 있어 이럴 때 서로 돕는다면 좋지 않을까?"" 그 후 사건은 빠르게 진행되었다. 우리는 ... 그러한 사업의 어려움과 장점을 모두 논했고, 1891년 5월 1일 헐 하우스 근처에 두 개의 편안한 아파트를 임대하고 가구를 놓았다. 복지관은 가구를 책임지고 첫 달 임대료를 지불했지만, 이후에는 회원들이 직접 클럽을 관리했다.… 3년차 말, 클럽은 원래 건물에 있던 아파트 6개를 모두 점유했으며 회원 수는 50명이었다.","{'question': '위 구절의 관점이 가장 직접적으로 뒷받침하는 정치적 목표는 다음 중 무엇입니까?', 'choices': ['여성 참정권', '신뢰파괴', '더 큰 노동조합의 권리', '정치기구 약화'], 'answer': 3}",
generation-for-nlp-1007,"""국가의 사랑, 평화, 자유의 법은 아담의 자손으로 간주되는 유대인, 터키인, 이집트인에게도 확장되며, 이는 외부 국가인 네덜란드의 영광이라. 그리스도 예수께서는 증오, 전쟁, 속박을 정죄하시기에 사랑, 평화, 자유가 모든 사람에게 확장된다. 우리 구주께서는 실족하게 하는 것이 없을 수는 없으나 그렇게 하게 하는 자에게는 화로다 하셨고, 우리의 소망은 장로교인이건, 독립교도이건, 침례교도이건, 퀘이커이건 예수의 이름이나 칭호가 어떤 형태로든 나타나는 예수를 믿는 자녀들을 실족케 하지 않는 것이다. 그러나 그들 중 누구에게서든지 하나님의 흔적을 보고 기뻐할 것이며, 모든 이가 우리에게 행하기를 바라는 대로 모든 이에게 행하기를 원할 것일진대, 이것이 교회와 국가 모두의 참된 법이다. 우리 구주께서는 이것이 율법이요 선지자라고 말씀하셨기에. ""그러므로 위에서 말한 사람들 중 누구든지 우리를 사랑하게 된다면, 우리는 양심상 그들에게 폭력을 쓸 수 없으나 하나님께서 우리의 양심을 설득하시는 대로 우리 마을과 집에 자유로이 드나들도록 허락할 것이라. 우리는 모두에게 선을 행하고 아무에게도 악을 행하지 아니하여야 하는 하나님과 사람의 법에 묶여 있기 때문이다. 그리고 이는 네덜란드 국회의 이름으로 우리에게 주어진 우리 도시의 특권과 헌장에 따른 것이며 우리는 이를 침해하고 위반할 의사가 없고 우리 특권을 존중할 것이며, 당신의 겸손한 백성인 블리싱(뉴네덜란드 식민지의 일부인 플러싱)의 주민으로 남을 것이다."" —플러싱 항의, 1657년","{'question': '플러싱 항의에 포함된 사상을 미국 법률 구조에 가장 많이 반영한 것은 다음 중 무엇입니까?', 'choices': ['독립선언서 전문', '헌법에 의회의 권한 열거', '수정헌법 제1조의 ""자유행사조항""', '수정헌법 제1조의 ""국교금지조항""'], 'answer': 3}",
generation-for-nlp-1008,자유인이 항상 가장 애써서 지켜온 권리 중 하나는 자신의 근면에 대한 보상을 즐길 권리다. 과세하는 권력은 파괴하는 권력이며 일정량의 재산이나 소득을 가져갈 권력이라는 점을 깨달으면 시민이 자기 시간 중 일정 기간을 정부를 위해 일해야 하며 국민에 대한 세금 부과는 가장 신중하게 보호되었다는 말을 다르게 표현할 뿐이라는 사실을 알게 된다... 긴급한 필요나 건전한 공공 정책에 요구되지 않는 세금을 국민에게 부과하는 정부는 자유의 수호자가 아니라 폭정의 도구다. 그런 정부는 시민을 폭정으로 괴롭힌다. 자유정부 붕괴의 첫 징후 중 하나는 과세 권력이 국민의 재산권을 무시하는 것이다.… 국민이 불합리한 과세로부터 헌법에 의해 보장된 재산 소유에 대한 합리적인 안전을 누릴 수 없다면 자유는 끝을 맞이한다.… 우리에게는 경제가 필수적이다. 이는 우리 민족성을 전면적으로 시험하는 것이다... 항상 피땀흘린 사람만이 지불한다.,"{'question': '위에 표현된 사상이 영향받은 것은 다음 중 무엇인가?', 'choices': ['1920년대의 광범위한 번영', '1920년대의 광범위한 경제적 어려움', '1920년대의 급속한 복지국가 성장', '널리 알려진 독점금지 기소'], 'answer': 1}",
generation-for-nlp-1009,"""국가적 문제가 엄중한 시기, 국가의 정의 의식으로 탄생한 국민의 양심으로 새로운 정당이 탄생하였습니다. 여기 진보당 소속의 우리는 국민의, 국민에 의한, 국민을 위한, 국민이 기반을 닦은 정부를 유지하고자 우리 아버지들이 부여한 의무를 이행하는 데 헌신합니다. 우리는 토머스 제퍼슨, 에이브러햄 링컨의 유지를 이어받아 국민이 헌법의 주인이며, 헌법의 목적을 달성하고, 그 의도를 곡해하여 불의의 도구로 바꾸는 자로부터 헌법을 수호하고자 합니다. 각 세대의 필요에 따라 국민은 기회균등과 산업의 정의를 확립 및 유지하기 위해 주권을 사용해야 하며, 국민을 지키고자 이 정부가 설립되었고, 국민 없이는 그 어떤 공화국도 존속할 수 없습니다. 이 나라는 이곳에 사는 사람들의 것입니다. 그 자원, 사업, 기관, 법률은 공익을 최선으로 증진하는 방식으로 활용, 유지 또는 수정되어야 합니다. 공공복지를 우선적으로 마련해야 할 때입니다."" 진보당 플랫폼, 1912","{'question': '위 발췌문의 정서와 조화를 이루며 시어도어 루즈벨트의 ""스퀘어 딜""의 특징이 가장 잘 드러난 것은 다음 중 무엇입니까?', 'choices': ['보수, 신뢰 파괴, 소비자 보호', '보호관세, 중앙은행, 보수', '기회 균등, 여성 참정권, 자유방임 경제', '자유방임 경제, 노동조합 지원, 보수'], 'answer': 1}",
generation-for-nlp-1010,"""반대파는 우리가 국민의 동의 없이 통치해서는 안 된다고 말한다. 나는 대답한다. 모든 정당한 정부의 권위는 피통치자의 동의로부터 나온다는 자유의 법칙은 자치력이 있는 자들에게만 적용된다. 우리는 인디언의 동의 없이 통치하고, 동의 없이 우리 영토를 통치하며, 동의 없이 우리 아이들을 통치한다. 우리 정부가 인디언의 동의를 얻지 못할 것이라는 것을 어떻게 알 수 있는가? 우리는 필리핀 국민을 잔인하고 피비린내 나는 약탈과 강탈의 통치에서 구해냈고, 우리 공화국의 정의롭고 인간적이며 문명화된 정부를 선호하지 않을까? 그리고 계몽되고 자치 가능한 자만을 위한 언어의 공식에도 불구하고, 우리는 세상에 대한 의무가 없는가? 우리는 악취나는 손에서 이 민족들을 구하였다. 다시 그 손에 되돌려 놓을 수 있는가? 독일, 영국, 일본이 호시탐탐 노리는 와중, 그들을 버려야 하는가? 우리는 이런 나라로부터 구하여 비극의 자치권을 줄 것인가?... 그렇다면, 어린아이가 아닌 어른처럼 우리의 임무, 사명, 운명에 전념하자."" 앨버트 J. 비버리지, ""국기의 행진"", 1898년","{'question': '비버리지가 표현한 감정은 다음 중 무엇의 예시로 가장 적절합니까?', 'choices': ['제국주의', '반제국주의', '고립주의', '명백한 운명'], 'answer': 1}",
generation-for-nlp-1012,"상처를 입으면 불평할 권리가 있음은 모든 자유인이 주장하는 당연한 일이자, 특권이자, 더 나아가 권리입니다. 권력 남용에 가장 강력한 표현으로 공개 항의하고 권위 있는 자들의 술수나 공공연한 폭력을 이웃에게 경계토록 하며, 자유라는 축복, 자신이 자유에 부여한 가치, 어떠한 위협을 무릅쓰고라도 하늘이 줄 수 있는 가장 큰 축복 중 하나를 지키려는 결의에 가진 감각을 용기있게 주장할 권리가 있습니다.… 그러나 결론적으로 말하자면, 법원과 배심원 여러분, 여러분 앞에 놓인 질문은 작거나 사적인 문제가 아닙니다. 여러분이 심리하는 질 나쁜 인쇄업자나 뉴욕만의 대의도 아닙니다. 아닙니다! 결과적으로 미국 본토 영국 정부 하에 사는 모든 자유인에게 영향을 미칠 수 있습니다. 최고의 대의입니다. 자유의 대의지요. 그리고 제가 의심하지 않는 바는, 오늘 여러분의 옳은 행동만이 여러분이 동료 시민의 사랑과 존경을 받을 자격을 주며 노예생활보다 자유를 선호하는 모든 사람들이 여러분을 폭정 시도에 맞서 불편부당하고 부패하지 않은 판결을 통해 우리 자신, 후손, 이웃을 보호하기 위한 고귀한 기초를 마련했으며, 우리나라의 자연과 법이 우리에게 진실을 말하고 기록함으로써 (적어도 세계의 이 지역에서) 독단적 권력을 폭로하고 반대할 자유라는 권리를 부여한 자로서 축복하고 존경할 것이라는 것입니다.","{'question': '앤드류 해밀턴의 가정은 다음 중 무엇입니까?', 'choices': ['미국인들은 다른 나라 사람들보다 자유를 더 많이 누리고 있습니다.', '다른 나라 사람들은 미국인보다 권리가 더 많습니다.', '자연권은 실제로 존재하지 않는 개념일 뿐입니다.', '권리는 정부에 의해 부여됩니다.'], 'answer': 1}",
generation-for-nlp-1014,"""나는 우리와 우리 조상이 영적인 문제에서 행동하며 속세의 권력을 행사하는 크고 놀라운 실수를 목격합니다. 주 예수의 마지막 유언장을 여러 번 읽었으나 예수께서 기꺼이 속세의 면류관과 정부를 받아들이셨더라면 예수의 영적인 사안과 왕국의 문제에 속세나 시민 권력의 아주 작은 부분이라도 제안하셨을 것인데, 이는 유언에서 단 한 마디도 찾을 수 없었습니다. 그러므로 시민 국가가 인간의 영혼에 종교, 예배, 사역, (종교 및 시민 문제에서) 맹세, 십일조, 시기, 날, 결혼, 성소 매장 등을 강요하는 것은 애석하게도 그리스도 예수에 대한 간증에 어긋나는 일이 아닐 수 없습니다…"" 로저 윌리엄스(Roger Williams), 그리스도께 속하지 않는 상업적 사역, 1652","{'question': '1649년에서 1660년 사이 영국으로부터의 청교도 이주가 거의 중단된 이유를 고르십시오.', 'choices': ['영국 청교도 대부분은 이단으로 몰려 투옥되었습니다.', '청교도 대부분이 카톨릭으로 개종했습니다.', '뉴잉글랜드 정착지가 지나치게 과밀해져 식민지 입법부가 이민을 강력히 억제했습니다.', '청교도가 영국 정부를 통제했습니다.'], 'answer': 4}",
generation-for-nlp-1016,"이제 우리는 사회를 조직했고, ""모든 사람은 왕""이라는 모토를 가진 사회를 ""부를 공유하는 사회""라고 부릅니다. 우리는 국내 거물의 부를 제한할 것을 제안합니다. 미국 모든 가족은 평균 15,000달러의 부가 있습니다. 오늘 현재의 상황입니다. 우리는 균등하게 나누는 것을 제안하지는 않습니다. 부의 분배를 제안하지는 않지만, 모든 가족에게 가해지는 빈곤을 제한할 것을 제안합니다. 평등을 보장하려고 노력하리라고는 말하지 않을 것입니다... 하지만 평균의 3분의 1은 한 가족에게는 너무 낮으며, 일가족에 약 5,000달러의 부를 보장해야 한다고 주장합니다. 이는 주택, 자동차, 라디오, 일상 편의시설, 자녀를 교육할 기회로는 충분합니다.… 우리는 재산을 제한할 것입니다. 현재 계획은 어떤 사람도 $50,000,000 초과 소유를 허용하지 않는 겁니다. 그 한도 내에서 프로그램의 균형을 이룰 수 있다고 생각합니다. —루이지애나주 상원의원 휴이 P. 롱, 라디오 연설, 1934년 2월 23일 롱 상원의원이 운영한 정치기구는 자신을 사실상 루이지애나의 독재자로 만들었습니다.","{'question': '정치적 대표로서 가장 잘 비견될 인물은 누구입니까?', 'choices': ['조지 워싱턴', '시어도어 루즈벨트', '윌리엄 M. 트위드', '버락 오바마'], 'answer': 3}",
generation-for-nlp-1019,"""여러분이 분석해 보면, 나는 보수주의의 핵심은 바로 자유주의라고 생각한다. 자유주의가 자유주의자에 대한 잘못된 이름이듯 보수주의도 정말 잘못된 이름이라고 생각한다. 우리가 혁명 시대로 되돌아간다면 오늘날 소위 보수주의자는 자유주의자이며 자유주의자는 보수주의자일 것이다. 보수주의의 기반은 정부 간섭을 줄이기를 원하거나, 권위의 중앙집권화를 완화하거나, 개인의 자유를 더 많이 바라는 것인데, 이는 자유주의에 대한 매우 일반적인 설명이기도 하다. 자신을 정당의 의미에서 자유지상주의자라 부르는 현재 그룹이 말하는 모든 것에 동의한다고 나는 말할 수 없는데, 모든 정치 운동에는 그림자가 있듯, 무정부나 난장판 이상을 원하는 자유지상주의자가 있다고 생각하기 때문이다. 나는 합법적인 정부 기능이 있다고 믿는다. 질서 있는 사회는 정부가 자유를 유지할 정당한 필요가 있다. 그렇지 않으면 개인에 의한 폭정이 존재할 것이다. 지역에서 가장 강한 사람이 그곳을 지배할 것이다. 우리는 정부가 있기에 자기 방어를 위해 몽둥이를 들고 다닐 필요가 없다. 그러나 나는 자유지상주의와 보수주의가 같은 길을 가고 있다고 생각한다는 입장을 다시금 밝힌다."" 로널드 레이건, Reason지 게재 인터뷰, 1975년","{'question': '다음 중 위 발췌문에 표현된 감정과 가장 입장이 반대인 그룹은 무엇입니까?', 'choices': ['네오콘', '레이건 민주당', '진보적 자유주의자', '포퓰리스트'], 'answer': 3}",
generation-for-nlp-1021,"""한편으로는 노예 소유자가 모든 반대자보다 결정적인 이점을 갖고 있다. 이러한 이점, 다시 말해 완전한 조직의 이점을 알아두는 것이 좋다. 그들은 조직되어 있으나 조직을 만드는 데 어려움을 겪지 않았다. 노예제가 존재하는 주 정부들은 완전한 노예제 조직이다. 이들 주의 교회 조직 역시 동등하게 노예제에 봉사하고 있다. 연방정부는 육군과 해군을 포함하여 워싱턴 최고 치안판사로부터 대법원, 뉴욕 최고 원수에 이르기까지 인간 속박이라는 비통한 저주를 지지하고 방어하며 전파할 것을 맹세한다. 펜, 지갑, 칼은 희미한 곳에서 겸손한 자들이 설교하는 단순한 진리에 맞서 연합한다."" 프레데릭 더글라스, 1857년","{'question': '1860년 에이브러햄 링컨의 행동 중 위 발췌문에 나오는 더글라스의 감정과 모순되는 점은 무엇입니까?', 'choices': ['링컨은 영토 내 정착민의 자유를 장려하여 새로운 주의 노예 지위를 결정하였습니다.', '링컨은 모든 서부 정착민에게 토지를 무상 제공하는 자영농지법을 통과시켰습니다.', '링컨은 모든 새 영토에서 노예제를 배제하는 것을 선호했습니다.', '링컨은 새로 해방된 노예에게 ""40에이커와 노새 한 마리""를 주는 정책을 제정했습니다.'], 'answer': 3}",
generation-for-nlp-1022,"""시궁창에 있는 술고래는 있어야 할 바로 그곳에 있다. . . . 적자생존의 법칙은 인간이 만든 것이 아니며, 인간이 폐지할 수도 없다. 인간은 그것을 막음으로써만 가장 적합치 않은 자의 생존을 만들어낼 수 있다. . . . 백만장자는 인간 전체에 작용하는 자연 선택의 산물로, 수행해야 할 특정 작업의 요건을 충족할 수 있는 자를 선택하는 것이 목적이다. 이런 점에서 위대한 정치가, 과학자, 군인과 같다. 그렇게 부의 선택을 받았기에 자신의 부와 그들에게 맡겨진 부가 모두 그 손에 모이게 된다. 그들 중 하나가 실수를 하면 집중이 얼마나 빨리 분산되는지 보아라."" —윌리엄 그레이엄 섬너, 사회 계층이 서로 빚진 것, 1883년","{'question': '윌리엄 그레이엄 섬너의 사회학적 사상이 반영하는 1800년대 후반의 사상을 고르십시오.', 'choices': ['문화적, 지적 주장은 사회경제적 구조의 최상위에 있는 사람들의 성공을 적절하고 불가피한 것이라며 정당화했습니다.', '인기 작가들은 과학의 사상을 거부하고 자신들의 주장의 기초를 신앙에 두었습니다.', '지식인들은 시대의 치열한 경쟁을 비판했고 협동 경제 조성에 기반한 급진적 대안을 제시했습니다.', '당시 문화산물은 사회의 경제적 방향을 무시한 채 과거를 회고하는 경향이 있었습니다.'], 'answer': 1}",
generation-for-nlp-1023,"""한편으로는 노예 소유자가 모든 반대자보다 결정적인 이점을 갖고 있다. 이러한 이점, 다시 말해 완전한 조직의 이점을 알아두는 것이 좋다. 그들은 조직되어 있으나 조직을 만드는 데 어려움을 겪지 않았다. 노예제가 존재하는 주 정부들은 완전한 노예제 조직이다. 이들 주의 교회 조직 역시 동등하게 노예제에 봉사하고 있다. 연방정부는 육군과 해군을 포함하여 워싱턴 최고 치안판사로부터 대법원, 뉴욕 최고 원수에 이르기까지 인간 속박이라는 비통한 저주를 지지하고 방어하며 전파할 것을 맹세한다. 펜, 지갑, 칼은 희미한 곳에서 겸손한 자들이 설교하는 단순한 진리에 맞서 연합한다."" 프레데릭 더글라스, 1857년","{'question': '다음 중 프레데릭 더글라스의 관점을 지지할 가능성이 가장 높은 사람들은 누구입니까?', 'choices': ['1880년대 남부 민주당원', '1850년대 서부 목장주', '1830년대 남부 농부', '1860년대 북부 공화당원'], 'answer': 4}",
generation-for-nlp-1026,"""미국의 법과 조약은 의견과 공감의 자유로운 표현, 무기나 군수품의 상업적 제조나 판매를 방해하지 않음에도 불구하고 그 영토와 관할권 내에 있을 수 있는 모든 사람에게 분쟁 진행 중 불편부당한 중립 의무를 부과한다. 또한 전쟁 목적에 부응하는 수역 통과를 허용하거나 묵인하지 않는 것이 중립 정부의 의무이다.
""그러므로 이제 나 우드로 윌슨 미합중국 대통령은 미국의 중립을 지키고자… 이로써 선언하고 또 표시한다…
""미국의 법령, 조약, 국제법은 모두 미국 영토와 관할권 내에서 어느 누구도 언급한 전쟁에 누구도 직간접적으로 가담하지 않고 모든 교전국과 평화를 유지하며 엄격하고 공정한 중립을 유지해야 한다…"" 
우드로 윌슨, 1914","{'question': '다음 진술 중 가장 정확한 것은 무엇입니까?', 'choices': ['제1차 세계대전 후 미국의 해외개입을 둘러싼 논쟁이 심해졌습니다.', '제1차 세계대전 후 미국인들은 일반적으로 미국이 해외에 개입하는 새로운 시대를 선호했습니다.', '미국의 제1차 세계대전 개입은 오랜 해외 참여 전통의 연장선이었습니다.', '제1차 세계대전에 미국이 개입한 것은 ""달러 외교""의 직접적인 결과였습니다.'], 'answer': 1}",
generation-for-nlp-1027,"""미국의 법과 조약은 의견과 공감의 자유로운 표현, 무기나 군수품의 상업적 제조나 판매를 방해하지 않음에도 불구하고 그 영토와 관할권 내에 있을 수 있는 모든 사람에게 분쟁 진행 중 불편부당한 중립 의무를 부과한다. 또한 전쟁 목적에 부응하는 수역 통과를 허용하거나 묵인하지 않는 것이 중립 정부의 의무이다.
""그러므로 이제 나 우드로 윌슨 미합중국 대통령은 미국의 중립을 지키고자… 이로써 선언하고 또 표시한다…
""미국의 법령, 조약, 국제법은 모두 미국 영토와 관할권 내에서 어느 누구도 언급한 전쟁에 누구도 직간접적으로 가담하지 않고 모든 교전국과 평화를 유지하며 엄격하고 공정한 중립을 유지해야 한다…""","{'question': '위 진술의 감정과 가장 조화로운 연설은 다음 중 어떤 것입니까?', 'choices': ['워싱턴의 고별 연설', '조지 H. W. 부시의 천 개의 빛', '링컨의 게티즈버그 연설', '프랭클린 D. 루즈벨트의 ""치욕의 날""'], 'answer': 1}",
generation-for-nlp-1030,우리는 공교육 분야에서 '분리하되 평등'이라는 원칙이 설 자리가 없다는 결론을 내렸다. 분리된 교육시설은 본질적으로 불평등하다. 따라서 우리는 이로 인해 소송을 제기한 원고 및 기타 유사한 상황에 처한 사람들은 분리로 인해 수정헌법 제14조로 보장된 법률의 동등한 보호를 받지 못한다고 판단한다.,"{'question': '대법원이 흑인과 백인을 위한 ""분리하되 평등""한 시설이라는 관행을 승인한 판결은 무엇인가?', 'choices': ['마베리 대 매디슨', '브래드웰 대 일리노이', '플레시 대 퍼거슨', '홀든 대 하디'], 'answer': 3}",
generation-for-nlp-1031,"이 지문에 나타난 정보는 무엇입니까? 1801년 3월 4일 피트와 보나파르트 사이의 동등한 위치를 주장하기 위해 국회의사당 계단에 오른 자의 성격은 행동으로 드러났으나, 인격과 태도는 동시대 사람만이 알 수 있으며, 가장 생생한 묘사조차도 개인적인 접촉의 순간보다 가치가 없다. 제퍼슨은 키가 6피트 2.5인치로 아주 컸다. 피부는 노란기와 붉은기가 섞인 따스한 밝은색이었고, 수줍음이 많고, 차가워 보이며, 태도가 어색하고, 명령을 암시하는 모습을 거의 보이지 않는다… 피부는 얇았고, 햇빛에 노출되어 살갗이 벗겨져 너덜해 보였다. 따스한 밝은색 얼굴, 적갈색 눈과 밝은 면이 있는, 느슨하면서도 구속하는 인물이다. 이 장황하고 뛰어난 면이 많은 대화는 미국 역사에 지배적인 영향력을 미친 인물의 것이었으며 진실만을 숨긴 공식 신문의 4분의 3보다 이야기에 더 필요했다. 8년 동안 제퍼슨의 성격은 정부 그 자체인 것처럼 보였고, 과정은 다르지만 보나파르트처럼 국민의 마음에 깊은 인상을 남겼다. 소박한 워싱턴 마을에서 왕 이상의 존재였다. 정치적으로나 사회적으로나 탁월한 위치에 있었기 때문이다. 영국 공사관을 제외한 워싱턴의 어떤 집도 일반 사회에 개방적이지 않았다. 모든 정치인, 심지어 연방주의자도 재미를 위해 제퍼슨과 ""궁전""에 의존했고, 그곳에 가기를 거부하면 ""곰처럼 잔인하고 멍청하게 살았다."" —헨리 애덤스, 토머스 제퍼슨 행정부 시절 미국 역사, 1889년","{'question': '1800년 선거에서 토머스 제퍼슨의 승리가 중요한 이유를 고르시오.', 'choices': ['남부인으로서는 최초로 대통령이 되었다.', '대통령직이 처음으로 한 정당에서 다른 정당으로 옮겨졌다.', '영국과의 개전이 필요하다고 믿었다.', '미국의 급속한 산업화를 장려했다.'], 'answer': 2}",
generation-for-nlp-1033,"상처를 입으면 불평할 권리가 있음은 모든 자유인이 주장하는 당연한 일이자, 특권이자, 더 나아가 권리입니다. 권력 남용에 가장 강력한 표현으로 공개 항의하고 권위 있는 자들의 술수나 공공연한 폭력을 이웃에게 경계토록 하며, 자유라는 축복, 자신이 자유에 부여한 가치, 어떠한 위협을 무릅쓰고라도 하늘이 줄 수 있는 가장 큰 축복 중 하나를 지키려는 결의에 가진 감각을 용기있게 주장할 권리가 있습니다.… 그러나 결론적으로 말하자면, 법원과 배심원 여러분, 여러분 앞에 놓인 질문은 작거나 사적인 문제가 아닙니다. 여러분이 심리하는 질 나쁜 인쇄업자나 뉴욕만의 대의도 아닙니다. 아닙니다! 결과적으로 미국 본토 영국 정부 하에 사는 모든 자유인에게 영향을 미칠 수 있습니다. 최고의 대의입니다. 자유의 대의지요. 그리고 제가 의심하지 않는 바는, 오늘 여러분의 옳은 행동만이 여러분이 동료 시민의 사랑과 존경을 받을 자격을 주며 노예생활보다 자유를 선호하는 모든 사람들이 여러분을 폭정 시도에 맞서 불편부당하고 부패하지 않은 판결을 통해 우리 자신, 후손, 이웃을 보호하기 위한 고귀한 기초를 마련했으며, 우리나라의 자연과 법이 우리에게 진실을 말하고 기록함으로써 (적어도 세계의 이 지역에서) 독단적 권력을 폭로하고 반대할 자유라는 권리를 부여한 자로서 축복하고 존경할 것이라는 것입니다.—앤드류 해밀턴, 신문 편집자의 명예훼손 재판 최종 변론 존 피터 젠거, 1735년 8월 4일","{'question': '젠거 사례와 가장 잘 비견되는 것은 다음 중 무엇인가?', 'choices': ['남북전쟁 당시 에이브러햄 링컨의 인신보호영장 정지', '1971년 국방부 문서의 공개를 막으려는 정부의 노력', '1886년 헤이마켓 스퀘어 폭격 혐의 재판', '1954년 브라운 대 교육위원회 대법원 판결'], 'answer': 2}",
generation-for-nlp-1034,"하지만 전 우리 역사의 이 특별한 순간 시민의 자유가 중요함을 누구보다 더 잘 알고 있을 겁니다. 전국을 여행하고 사람들을 만나고 힘 없는 사람들에게 일어난 일들을 보니까요. 저는 시민의 자유를 지키기 위한 민주주의가 무엇을 의미하는지 깨닫습니다. 우리는 수년 동안 시민의 자유를 위해 싸워야 했습니다. 빛이 다소 어두워질 때마다 민주주의가 위험에 처한다는 점을 압니다. 현재 세계 전체의 혼란스러운 상황으로 다른 많은 나라에서는 시민의 자유가 사라졌습니다. 물론 전쟁 중에 언론의 자유, 표현의 자유, 집회의 자유를 지키는 것은 불가능합니다. 자동으로 사라집니다. 그래서 평소에는 안전했던 많은 나라에서 현재는 사라졌습니다. 다른 나라에서는 전쟁 발발 전부터 언론의 자유, 집회의 자유, 발언의 자유는 물론 종교의 자유도 사라졌습니다. 그래서 우리는 이 나라에 중대한 책임이 있다는 것을 알고 있습니다. 우리는 평화롭습니다. 우리에게는 전 세계 수많은 다른 민족을 지배하는 두려움이 있을 이유가 없습니다. 그러므로 우리는 민주주의의 자유를 지켜야 합니다.","{'question': '루즈벨트의 우려는 다음 중 어떤 사안에 대해 토론한 사람들의 우려와 가장 직접 비견되는가?', 'choices': ['1964년 통킹만 결의', '1965년 투표권법', '2001년 미국 애국법', '2010년 부담 적정 의료법(Affordable Care Act)'], 'answer': 3}",
generation-for-nlp-1035,"""새 조항과 규정을 제정하여 왕국의 수입을 개선하고 대브리튼과 폐하의 미국 영토 간 항해와 상업을 확장하고 안전을 확보하는 것이 편리합니다. 미국 영토는 평화롭고 순조로이 확장되고 있나이다. 폐하께서 말씀하신 미국 영토에서 세수를 늘리는 것은 폐하의 가장 신실하고 충성스러운 신민인 저희를 방어하고, 보호하고, 안전을 확보하는 데 드는 비용을 조달하기 위해 정당하고 필요한 일이옵니다. 대크리튼의 신민은 의회에 모여 이번 의회 회기에서, 말씀드린 미국의 세수 증대를 위한 일부 규정을 고안하고자 여기 다음 언급된 몇 가지 세율과 관세를 부여하기로 결정했나이다, 폐하."" 1764년 설탕법","{'question': '다음 중 발췌문에 제시된 목표와 가장 공통점이 많은 것을 고르시오.', 'choices': ['진보 시대의 독점 금지 개혁', '1970년대 자유무역정책', '제1차 세계대전 이후 연방 소득세율 인상', '1980년 연방 소득세율 인하'], 'answer': 3}",
generation-for-nlp-1037,"""각하, 저는 아메리카 대륙의 첫 발견 이래(지금은 90년이 지났음) 스페인인과 포르투갈인이 그곳을 대대적으로 정복 및 개척한 후, 우리 영국인이 아직 사람이 차지하지 않은 비옥하고 온화한 지역에 빠른 발을 디디는 은혜가 없었음을 그리 놀라워하지 않습니다. 하지만 . . . 저는 때가 오고 있으며 이제 우리 영국이 아메리카의 일부와 아직 발견되지 않은 다른 지역에서 스페인인과 포르투갈인 모두와 (우리가 원한다면) 몫을 공유하고 나눌 수 있다는 [상금을 나눈다는] 큰 희망을 품고 있습니다. ""그리고 분명 우리에게 모든 선인에게 마땅히 있어야 할 조국의 긍지를 드높이려는 열망이 있다면, 지금까지 우리에게 공평하고 정의로운 이 땅을 소유하는 것을 [무시하지] 않았을 것입니다. 이는 이어지는 담론으로 가장 명백히 드러날 겁니다."" —리차드 해클루트, 아메리카와 인접 섬의 발견에 도달한 다이버 항해, 1582","{'question': '리차드 해클루트의 사상을 따름으로써 잉글랜드가 결국 할 수 있었던 일을 고르시오.', 'choices': ['프랑스와 포르투갈 정부를 파산으로 몰았다.', '18세기 아프리카의 많은 부분을 정복했다.', '북아메리카의 대서양 해안선을 따라 식민지를 여럿 건설한다.', '네덜란드 상업 제국을 파괴한다.'], 'answer': 3}",
generation-for-nlp-1039,"질문은 다음과 같은 정보를 포함합니다. 여러분께 바라건대 우리 자신을 속이지 말맙시다. 우리는 다가올 태풍에 대비해 할 수 있는 모든 일을 했습니다. 청원했고, 항의했고, 간청했습니다. 왕좌에 엎드려도 보았고 내각과 의회의 폭정을 멈추기 위해 왕의 개입을 바랐습니다. 우리의 청원은 무시당했고 우리의 항의는 더 많은 폭력과 모욕을 낳았습니다. 우리의 간청은 버림받았고 우리는 왕좌의 발치에서 경멸당하며 쫓겨났습니다. 이런 일이 있은 후 우리는 절망에 빠져 평화와 화해에 대한 실낱같은 희망을 좇았습니다. 이제 희망조차 남지 않았습니다…이 문제를 언급하는 것 조차 헛된 일입니다. 신사들은 평화를 부르짖지만, 평화는 없습니다. 전쟁은 이미 일어났습니다! 북쪽에서 불어올 다음 찬바람이 우리의 귓구멍에 포성을 불러올 것입니다! 이미 우리 형제들이 전장에 나가 있습니다! 왜 이러고들 서 있는 겁니까? 그들이 바라는 것은 무엇입니까? 이들이 가진 것은 무엇입니까? 생명이 그리 소중하고 평화가 달콤하다면 사슬과 노예의 삶과 맞바꿀 수 있는 것입니까? 전능한 신이시여, 모두 막아주소서! 다른 사람들의 선택은 모르겠으나 저에게 물으신다면 자유 아니면 죽음을 주십시오! – 패트릭 헨리, 1775년 3월 23일","{'question': '패트릭 헨리가 표현한 감정이 가장 직접적으로 이어진 사건은?', 'choices': ['독립선언서', '올버니 계획', '보스턴 티 파티', '미국 헌법'], 'answer': 1}",
generation-for-nlp-1040,"""우리가 겪는 경제적 질병은 수십 년에 걸쳐 닥쳐왔습니다. 며칠, 몇 주, 몇 달 안에 사라지지는 않으나 사라질 겁니다. 우리 미국인들은 과거에도 그랬듯, 지금 마지막이자 가장 위대한 자유의 보루를 지키고자 필요한 모든 일을 할 능력을 갖추고 있기에 사라질 겁니다. 현재 위기에서 정부는 우리 문제에 대한 해결책이 아닙니다. 정부 그 자체가 문제입니다. . . . ""저는 연방 기관의 규모와 영향력을 줄이고, 연방 정부에 부여된 권력과, 국가나 국민에게 부여된 권력을 구별해 승인할 것을 요청하고자 합니다. 우리 모두는 연방정부가 국가를 창설한 것이 아니라는 점을 기억해야 합니다. 국가가 연방정부를 창설했습니다."" —로널드 레이건, 첫 취임 연설, 1981년 1월 21일 미국 역사상 진행 중인 논쟁 중 인용문에 표현된 것은 다음 중 무엇인가?","{'question': '이 지문에 나타난 정보는 무엇인가?', 'choices': ['대통령 권한을 둘러싼 논쟁', '선거 참여를 둘러싼 논쟁', '연방정부의 경제에 대한 권력을 둘러싼 논쟁', '연방의 국제 문제에 대한 권한을 둘러싼 논쟁'], 'answer': 3}",
generation-for-nlp-1041,"""기혼 여성의 재산을 보다 효과적으로 보호하기 위한 법률: ""§1. 앞으로 결혼할 여성의 부동산, 결혼 시 그 부동산에서 나오는, 임대료, 토지에서 나오는 수익, 이익은 남편의 단독 처분 대상이 되어서는 아니되며, 남편의 채무에 대한 책임이 없으며, 마치 미혼 여성인 것처럼 단독으로 별도의 재산을 계속 유지해야 한다. ""§2. 현재 결혼한 여성의 부동산 및 동산과 그에서 나오는 임대료, 수익, 이익은 남편에 의한 처분 대상이 될 수 없으나, 종전에 계약한 남편의 빚에 책임을 지는 경우를 제외하고는, 마치 미혼 여성인 것처럼 단독인 별도의 재산이다. ""§3. 기혼 여성은 남편이 아닌 다른 이로부터 부동산 및 동산을 포함해 그에 부속된 이권이나 자산을 상속, 증여, 부여, 고안 또는 유증받아 단독 개별 사용이 가능하며, 전달 및 고안할 수 있으며 부속된 임대료, 이득, 이익은 미혼 여성과 동일한 방식과 효과를 갖는다. 이 재산은 남편이 처분할 수 없으며 남편의 빚에 책임을 지지 않는다."" —기혼 여성 재산법, 뉴욕 주(1848)","{'question': '다음 중 기혼 여성 재산법의 관점을 가장 지지하는 자들은 누구인가?', 'choices': ['세네카 폴스 선언 참가자', '""여성의 미덕"" 개념을 옹호하는 남부 지지자', '""가정 숭배"" 가치 체계 지지자', '회중파 목사'], 'answer': 1}",
generation-for-nlp-1042,"이 지문에 나타난 정보는 무엇인가? 그러는 동안 인디언들은 그들 주위를 조용히 찾아왔고 냉담한 모습을 보인 적도 있지만, 누구든 근처에 접근하면 도망가곤 했다. 한번은 그들이 일하던 곳에서 저녁을 먹으러 나가자 도구를 훔쳐간 적도 있었다. 그런데 3월 16일즈음 그중 한 인디언이 담대하게 다가와 그들에게 서투른 영어로 말을 걸었는데, 잘 이해할 수 있었고 그 사실에 놀랐다. 마침내 그들은 대화를 통해 그 인디언은 이곳 사람이 아니며 일부 잉글랜드 선박이 고기를 잡으러 오는 동부 사람이라는 점을 알게 되었다. 선박 사람들을 통해 인디언은 얼굴이 알려졌고 잉글랜드 사람들의 이름도 잡다하게 알게 되었을 뿐더러 영어도 익혔다. 자기가 살던 동쪽 지방의 사정에 관하여 많은 것을 잉글랜드 사람들에게 알려주어 많은 도움이 되었고, 이는 나중에 이익으로 이어졌다. 여기에 있는 사람들의 이름, 수, 권력, 상황, 그곳으로부터의 거리, 추장이 누구인지에 대해서도 말이다. 그의 이름은 사모세트였다. 그는 또한 잉글랜드에도 다녀왔고 자기보다 영어를 더 잘한다는 이곳 출신 스콴토라는 또 다른 인디언의 이야기를 해 주었다.","{'question': '다음 중 사모세트, 스콴토와 가장 직접적으로 비견될 인물은?', 'choices': ['테쿰세', '크레이지 호스', '새커거위아', '제로니모'], 'answer': 3}",
generation-for-nlp-1045,"오늘 밤, 아이들의 미래를 가장 큰 목표로 삼은 한 여성의 딸이 우리 모두를 위한 미래에 대해 미국에서 가장 오래된 정당에게 고합니다. 오늘 밤, 일하는 미국인의 딸은, 모든 미국인에게 우리가 기꺼이 손을 뻗으면 미래는 손에 닿는다는 점을 전합니다. 오늘 밤, 이탈리아 출신 이민자의 딸은 아버지가 사랑하게 된 새로운 땅의 (부)통령 출마자 지명을 받았습니다.… 미국인들은 동일한 규칙에 따라 살고 싶어합니다. 하지만 현 정부 하에서는 너무 많은 국민들에게 규정이 동일하지 않습니다. 개인이 내는 세금 몫은 매년 늘어나고, 대기업이 내는 몫은 점점 줄어들고 있는 것은 옳지 않습니다.… 젊은 부부가 50,000개의 핵탄두가 있는 세계에 아이를 낳을지 의문을 품는 일은 옳지 않습니다. 미국인들이 2세기 넘게 노력해 온 비전이 아닙니다.… 오늘 밤, 우리는 꿈을 되찾습니다. 우리는 다시 모든 미국인을 위한 미국적 삶의 규칙을 만들 겁니다.… 문제는 미국이 여성을 위해 무엇을 할 수 있는지가 아니라 여성이 미국을 위해 무엇을 할 수 있는지입니다.","{'question': '위의 구절에서 페라로가 표현한 정치사상이 가장 직접적으로 반영하는 것은?', 'choices': ['1760년대와 1770년대 영국 과세에 반대하는 식민지 사람', '전쟁 전 시대 폐지론자', '1920년대 공화당원', '1930년대 뉴딜러'], 'answer': 4}",
generation-for-nlp-1046,"""넓고 무한한 미래는 위대한 미국의 시대가 될 것이다. 많은 나라로 구성된 나라는 거대한 공간과 시간의 영역에서 인류에게 신성한 원칙의 탁월함을 현시하고, 가장 고귀하며 거룩하고 참된 자를 숭배하고자 역대 바쳐진 가장 고귀한 성전을 지상에 세우는 운명을 부여받았다. 그 바닥은 반구가 될 것이다. 그 지붕은 별 가득한 하늘의 창공이 될 것이며, 그 집합은 행복한 수백만으로 구성되고 주인을 부르지 않고 형제애의 법칙이자 '인간 사이의 평화와 선의'의 법인 신의 자연과 도덕적 평등 법칙에 따라 통치하는 많은 공화국의 동맹이 되리라."" 존 L. 오설리번, ""미래의 위대한 국가"", 1839년","{'question': '1820년에서 1854년 사이 미국으로 가장 많이 이주한 이민자의 출신을 고르시오.', 'choices': ['프랑스', '러시아', '잉글랜드', '아일랜드'], 'answer': 4}",
generation-for-nlp-1047,"""헌법을 경건한 존경심을 가지고 바라보며 차마 만질 수 없을 만큼 신성한 언약궤처럼 여기는 자들이 있습니다. 이런 사람들은 이전 시대 사람들에게 인간 이상의 지혜가 있었다고 여기며 이들이 한 일이 수정할 수 없는 것이라고 생각합니다… 하지만 저는 법과 제도가 인간 정신의 진보와 보조를 맞추어야 함도 압니다. 인간 정신이 더욱 발전하고, 더욱 계몽되고, 새로운 발견이 이루어지고, 새로운 진실이 밝혀지고, 환경이 변하며 방식과 의견도 변한다면 제도도 발전하여 시대에 보조를 맞춰야 합니다."" 토머스 제퍼슨(Thomas Jefferson), 1816년 미국 헌법 제정에 기여한 요소를 가장 잘 설명한 것은 다음 중 무엇인가?","{'question': '이 지문에 나타난 정보는 무엇인가?', 'choices': ['미국혁명 당시 작성된 개별 주의 헌법은 연방정부에 너무 많은 권한을 이양하는 경향이 있었기에 반연방주의자가 개혁을 요구하였다.', '연합규약(Articles of Confederation)의 약점으로 제임스 매디슨은 그 유효성에 의문을 제기하였고 1787년 헌법의회(Constitutional Congress)가 구성되었다.', '무역과 대외관계 어려움으로 연합규약(Articles of Confederation)에서 요구하는 지나치게 제한적인 관세가 폐지되었다.', '위스키 반란에서 워싱턴의 부끄러운 실패로 인해 연방주의자가 연방 권력을 위한 새 틀을 요구하였다.'], 'answer': 2}",
generation-for-nlp-1048,"이 지문에 나타난 정보는 무엇인가? ""그러하면 각 주 의회로부터 즉각 냉정한 관심을 끌기 위해 이 규약을 진심으로 추천하도록 허락해 주십시오. 우리 공동의 자유를 유지하고 방어하기 위해 모든 평의회와 모든 힘을 하나로 묶어야 한다는 절대적 필요를 확신하면서, 수많은 주권과 독립적 공동체로 나누어진 대륙의 다양한 정서와 이해관계를 한 체계로 결합하는 것이 어렵다는 점을 느끼며 솔직하게 검토하도록 합시다. …."" 대륙 의회 저널, 1777","{'question': '연합규약(Articles of Confederation)의 주요 약점을 고르시오.', 'choices': ['지나치게 권력이 많은 최고 경영자를 생성했다.', '자체 수정을 위한 메커니즘을 포함하지 않았다.', '세금과 관세를 통한 정부의 자금 조달을 너무 어렵게 했다.', '연방정부가 주 간 분쟁을 중재할 권한을 거부했다.'], 'answer': 3}",
generation-for-nlp-1049,"""기혼 여성의 재산을 보다 효과적으로 보호하기 위한 법률: ""§1. 앞으로 결혼할 여성의 부동산, 결혼 시 그 부동산에서 나오는, 임대료, 토지에서 나오는 수익, 이익은 남편의 단독 처분 대상이 되어서는 아니되며, 남편의 채무에 대한 책임이 없으며, 마치 미혼 여성인 것처럼 단독으로 별도의 재산을 계속 유지해야 한다. ""§2. 현재 결혼한 여성의 부동산 및 동산과 그에서 나오는 임대료, 수익, 이익은 남편에 의한 처분 대상이 될 수 없으나, 종전에 계약한 남편의 빚에 책임을 지는 경우를 제외하고는, 마치 미혼 여성인 것처럼 단독인 별도의 재산이다. ""§3. 기혼 여성은 남편이 아닌 다른 이로부터 부동산 및 동산을 포함해 그에 부속된 이권이나 자산을 상속, 증여, 부여, 고안 또는 유증받아 단독 개별 사용이 가능하며, 전달 및 고안할 수 있으며 부속된 임대료, 이득, 이익은 미혼 여성과 동일한 방식과 효과를 갖는다. 이 재산은 남편이 처분할 수 없으며 남편의 빚에 책임을 지지 않는다."" —기혼 여성 재산법, 뉴욕 주(1848)","{'question': '기혼 여성의 재산법이 의미가 큰 이유를 고르시오.', 'choices': ['여성의 정치 참여를 확대했다.', '남편에 부속된 여성이라는 법적 개념에 구현된 여성과 재산에 대한 전통적인 이해에 도전했다.', '""공화당의 모성애""라는 개념에 내재된 문화적 가정을 성문화했다.', '시민권과 관련하여 여성을 2등 지위로 강등했다.'], 'answer': 2}",
generation-for-nlp-1050,"""새 조항과 규정을 제정하여 왕국의 수입을 개선하고 대브리튼과 폐하의 미국 영토 간 항해와 상업을 확장하고 안전을 확보하는 것이 편리합니다. 미국 영토는 평화롭고 순조로이 확장되고 있나이다. 폐하께서 말씀하신 미국 영토에서 세수를 늘리는 것은 폐하의 가장 신실하고 충성스러운 신민인 저희를 방어하고, 보호하고, 안전을 확보하는 데 드는 비용을 조달하기 위해 정당하고 필요한 일이옵니다. 대크리튼의 신민은 의회에 모여 이번 의회 회기에서, 말씀드린 미국의 세수 증대를 위한 일부 규정을 고안하고자 여기 다음 언급된 몇 가지 세율과 관세를 부여하기로 결정했나이다, 폐하."" 1764년 설탕법","{'question': '다음 중 프렌치 인디언 전쟁 이후 발췌문에 표현된 감정과 같은 그렌빌 총리의 견해를 나타내지 않는 것은?', 'choices': ['왕이 무역을 통제하고 세수를 늘려야 한다고 느꼈다.', '식민지 주민들이 전쟁으로 발생한 빚을 갚는 데 도움을 주어야 한다고 여겼다.', '의회가 식민지에서 세금을 인상할 권리가 있다고 여겼다.', '""유익한 무시(salutary neglect)""를 확장하여 식민지에 보상을 주고자 했다.'], 'answer': 4}",
generation-for-nlp-1051,"""전체주의 정권의 씨앗은 비참함과 궁핍을 먹고 자라납니다. 가난과 분쟁이라는 악한 땅에 퍼지고 자랍니다. 더 나은 삶에 대한 사람들의 희망이 사라지면 완전히 성장합니다. 우리는 희망이 계속 살아있게 해야 합니다. . . . 사건이 신속히 진행되어 우리에게 큰 책임이 생겼습니다. . . . 저는 의회가 책임에 정면으로 맞설 것이라고 확신합니다."" —해리 S. 트루먼 대통령, 1947년 위 구절은 트루먼 대통령이 의회에 다음을 찬성하며 주장한 것입니다.","{'question': '이 지문에 나타난 정보는 무엇입니까?', 'choices': ['제대군인 사회적응지원 법안(G.I. 법안)', '수소폭탄 개발', '매캐런 국가보안법', '그리스와 터키 지원 확대'], 'answer': 4}",
generation-for-nlp-1052,"""우리는 그것이 내전이었으며, 수년 동안 모든 식민지의 영향에서 해방을 추구해 온 사람들의 노력이었음을 알았다. 또한 우리가 열성적으로 우리의 이미지를 본따 만들었던 베트남인이 가혹한 처지에 놓였다는 것을 알게 되었다. 다름아닌 바로 우리가 베트남인을 구원하리라 생각했던 위협에 맞서 싸우기 위해서 말이다.
""우리는 사람들 대부분이 공산주의와 민주주의의 차이조차 모른다는 사실을 발견했다. 이들은 헬리콥터의 맹폭을 받지 않고, 네이팜탄이 든 폭탄으로 마을이 불타고 나라가 분열되는 일 없이 논에서 일하고 싶었을 뿐이다. 이들은 전쟁과 관련된 모든 사항, 특히 미국의 외국 주둔과 관련해 그저 자신들을 평화로이 내버려두기를 원했고, 특정 시대에 군대가 존재하면 한편이 되어 생존의 기술을 실천했다. 그것이 베트콩이든, 북베트남이든, 미국인이든 말이다."" 존 케리, 1971","{'question': '1960년대 반문화 운동과 가장 관련이 높았던 두 정치 문제를 고르시오.', 'choices': ['미국의 베트남 개입과 성조기 태우기', '시민권 운동과 검열', '미국의 베트남 개입과 시민권 운동', '검열과 초안'], 'answer': 3}",
generation-for-nlp-1053,"""한편으로는 노예 소유자가 모든 반대자보다 결정적인 이점을 갖고 있다. 이러한 이점, 다시 말해 완전한 조직의 이점을 알아두는 것이 좋다. 그들은 조직되어 있으나 조직을 만드는 데 어려움을 겪지 않았다. 노예제가 존재하는 주 정부들은 완전한 노예제 조직이다. 이들 주의 교회 조직 역시 동등하게 노예제에 봉사하고 있다. 연방정부는 육군과 해군을 포함하여 워싱턴 최고 치안판사로부터 대법원, 뉴욕 최고 원수에 이르기까지 인간 속박이라는 비통한 저주를 지지하고 방어하며 전파할 것을 맹세한다. 펜, 지갑, 칼은 희미한 곳에서 겸손한 자들이 설교하는 단순한 진리에 맞서 연합한다.""","{'question': '프레데릭 더글라스의 발췌문이 가장 명백하게 보여주는 19세기 중반의 발전은 다음 중 무엇인가?', 'choices': ['계약 하인을 아프리카 노예로 점진적으로 대체', '문화적 적응을 통한 아프리카 문화 보존', '노예제 수호를 위한 남부의 연방 정부에 대한 영향력', '폐지론자들의 성공으로 다수 여론이 흔들림'], 'answer': 3}",
generation-for-nlp-1055,"그러는 동안 인디언들은 그들 주위를 조용히 찾아왔고 냉담한 모습을 보인 적도 있지만, 누구든 근처에 접근하면 도망가곤 했다. 한번은 그들이 일하던 곳에서 저녁을 먹으러 나가자 도구를 훔쳐간 적도 있었다. 그런데 3월 16일즈음 그중 한 인디언이 담대하게 다가와 그들에게 서투른 영어로 말을 걸었는데, 잘 이해할 수 있었고 그 사실에 놀랐다. 마침내 그들은 대화를 통해 그 인디언은 이곳 사람이 아니며 일부 잉글랜드 선박이 고기를 잡으러 오는 동부 사람이라는 점을 알게 되었다. 선박 사람들을 통해 인디언은 얼굴이 알려졌고 잉글랜드 사람들의 이름도 잡다하게 알게 되었을 뿐더러 영어도 익혔다. 자기가 살던 동쪽 지방의 사정에 관하여 많은 것을 잉글랜드 사람들에게 알려주어 많은 도움이 되었고, 이는 나중에 이익으로 이어졌다. 여기에 있는 사람들의 이름, 수, 권력, 상황, 그곳으로부터의 거리, 추장이 누구인지에 대해서도 말이다. 그의 이름은 사모세트였다. 그는 또한 잉글랜드에도 다녀왔고 자기보다 영어를 더 잘한다는 이곳 출신 스콴토라는 또 다른 인디언의 이야기를 해 주었다.","{'question': '위 구절에서 분명히 알 수 있듯 1620년대에 매사추세츠가 된 곳의 유럽인은 순례자만이 아니었다. 이 지역이 중요해진 이유를 고르시오.', 'choices': ['어업', '농업', '광산', '조선'], 'answer': 1}",
generation-for-nlp-1056,"종교적 직업과 예배에서 양심의 자유가 제한된다면 시민의 자유를 최대한 누리더라도 진정으로 행복할 수 있는 자는 없기 때문입니다. 그리고 전능하신 하나님은 양심의 유일한 주이시며, 빛과 영의 아버지이자, 지성인을 계몽하고 사람들의 이해를 설득하고 확신을 주는 모든 신성한 지식, 신앙, 예배의 입안자이자 대상이십니다. 저는 이로써 이 지역에 거주하는 그 누구도, 세계의 창조자, 유지자, 통치자이신 전능하신 하나님께 고백하고 믿으며, 시민 정부 아래서 조용히 생활할 의무가 있다고 공언하는 자는, 어떤 경우에도 자신의 양심적인 설득이나 관행으로 인해 자신의 인격이나 재산이 타락하거나 피해를 입어서는 안 되며, 종교적 예배, 장소, 사역을 빈번히 하거나 유지할 것을 자신의 정신에 반대하여 강요받아서는 안 됨을 인정하고 선언합니다.… —윌리엄 펜, 윌리엄 펜이 부여한 특권 헌장, 펜실베이니아 및 영토 주민들에게 보내는 편지, 1701년 10월 28일","{'question': '다음 중 펜실베이니아 식민지를 가장 잘 설명한 것은 무엇입니까?', 'choices': ['국왕이 사업가나 식민지 주민 단체에게 헌장을 부여한 헌장 식민지', '왕이 정부를 소유주와 그 가족에게 위임한 독점 식민지', '왕이 총독을 임명한 왕실 식민지', '왕의 권위 외부에서 통치되는 독립 식민지'], 'answer': 2}",
generation-for-nlp-1057,"이제 우리는 사회를 조직했고, ""모든 사람은 왕""이라는 모토를 가진 사회를 ""부를 공유하는 사회""라고 부릅니다. 우리는 국내 거물의 부를 제한할 것을 제안합니다. 미국 모든 가족은 평균 15,000달러의 부가 있습니다. 오늘 현재의 상황입니다. 우리는 균등하게 나누는 것을 제안하지는 않습니다. 부의 분배를 제안하지는 않지만, 모든 가족에게 가해지는 빈곤을 제한할 것을 제안합니다. 평등을 보장하려고 노력하리라고는 말하지 않을 것입니다... 하지만 평균의 3분의 1은 한 가족에게는 너무 낮으며, 일가족에 약 5,000달러의 부를 보장해야 한다고 주장합니다. 이는 주택, 자동차, 라디오, 일상 편의시설, 자녀를 교육할 기회로는 충분합니다.… 우리는 재산을 제한할 것입니다. 현재 계획은 어떤 사람도 $50,000,000 초과 소유를 허용하지 않는 겁니다. 그 한도 내에서 프로그램의 균형을 이룰 수 있다고 생각합니다. —루이지애나주 상원의원 휴이 P. 롱, 라디오 연설, 1934년 2월 23일","{'question': '휴이 P. 롱 상원의원의 ""부를 공유하는 사회""의 의도는 무엇인가?', 'choices': ['공산주의에 맞서 싸우려는 롱 상원의원의 의지를 보여주기 위함이다.', '미국을 19세기 후반 경제사상으로 되돌려 놓기 위함이다.', '롱 상원의원이 대공황에 맞설 계획이 있다고 유권자를 설득하기 위함이다.', '건국의 아버지들의 헌법 사상에 대한 롱 상원의원의 이해를 보여주기 위함이다.'], 'answer': 3}",
generation-for-nlp-1058,"""국가적 문제가 엄중한 시기, 국가의 정의 의식으로 탄생한 국민의 양심으로 새로운 정당이 탄생하였습니다. 여기 진보당 소속의 우리는 국민의, 국민에 의한, 국민을 위한, 국민이 기반을 닦은 정부를 유지하고자 우리 아버지들이 부여한 의무를 이행하는 데 헌신합니다. 우리는 토머스 제퍼슨, 에이브러햄 링컨의 유지를 이어받아 국민이 헌법의 주인이며, 헌법의 목적을 달성하고, 그 의도를 곡해하여 불의의 도구로 바꾸는 자로부터 헌법을 수호하고자 합니다. 각 세대의 필요에 따라 국민은 기회균등과 산업의 정의를 확립 및 유지하기 위해 주권을 사용해야 하며, 국민을 지키고자 이 정부가 설립되었고, 국민 없이는 그 어떤 공화국도 존속할 수 없습니다. ""이 나라는 이곳에 사는 사람들의 것입니다. 그 자원, 사업, 기관, 법률은 공익을 최선으로 증진하는 방식으로 활용, 유지 또는 수정되어야 합니다. 공공복지를 우선적으로 마련해야 할 때입니다."" 진보당 플랫폼, 1912 1913년의 언더우드-시몬스 관세가 해당 시대의 진보세력에 의해 일반적인 승인을 받을까?","{'question': '이 지문에 나타난 정보는 무엇입니까?', 'choices': ['대부분 시어도어 루즈벨트의 ""스퀘어 딜"" 지지자이기에 그럴 것이다.', '민주당원 대부분은 더 낮은 관세를 옹호했기에 그럴 것이다.', '대부분 시어도어 루즈벨트의 ""신민족주의"" 지지자이기에 아닐 것이다.', '대부분 우드로 윌슨의 반대파이므로 아닐 것이다.'], 'answer': 2}",
generation-for-nlp-1059,"이 지문에 나타난 정보는 무엇입니까? 개인적 주장을 하러 온 것도, 개인의 이익을 구하러 온 것도 아니다. 자기 입장을 주장할 수 없는 자를 변호하고자 왔다. 버림받고 억압받고 혼자인 자들의 친구로 왔다. 하나님의 섭리 속에서 나는 그대들의 감옥의 무시무시한 던전 속 미치광이의 목소리로, 그 꿰뚫는 듯한 울부짖음은 당신네 입법의 전당에 닿지 못한다. 나는 그대들의 가난한 집의 감방, 마구간, 우리, 쓰레기 방에 갇힌 가엾고 미친 존재의 희망이다. 나는 그대들의 사유 거주지와 우리와 오두막에 숨어 통곡하고 고통받는, 모든 치유의 영향력과 마음을 회복하는 모든 관심에서 차단당하고 배제된 수백 생물의 계시다.… 지난 3개월 간 내 슬픔에 잠긴 영혼에 나타난 것처럼 그들의 음울한 역사를 그대들 앞에 퍼뜨릴 수 있다면, 가장 승인된 구제 수단을 얼마나 신속하고 진지하게 찾겠는가? 그에 비하면 그대들이 치르라고 요청받은 희생은 얼마나 사소하며 하찮게 보일 건가? 적합한 병원 건설에 충분한 자금을 할당하고 적용하여 고통받는 정신병자를 위해 확보할 수 있는 특정한 혜택과 막대한 이익에 비하면, 시민 하나하나에게서 모은 동전과 달러의 소유물로서 가치가 어떻게 줄어들겠는가?... —도로테아 딕스, 정신 이상자의 보호 및 치료를 위한 주립병원 요청 기념관, 1848년 11월 노스캐롤라이나 총회 제출","{'question': '다음 중 1840년대 대중적인 개혁 운동을 고르시오.', 'choices': ['은화자유주조', '대기업 규제', '동성애자 권리 운동', '금주운동'], 'answer': 4}",
generation-for-nlp-1060,"""우리는 인간이다. 세상의 다른 인종과 같이 영혼, 열정, 감정, 희망, 욕망이 있습니다. 오늘날 전 세계는 캐나다인을 위한 캐나다, 미국인을 위한 미국, 영국인을 위한 영국, 프랑스인을 위한 프랑스, 독일인을 위한 독일이라는 외침이 울려 퍼지고 있습니다. 세계의 흑인으로서 우리가 아프리카인을 위한 아프리카라 외치는 것이 합당할까요?"" —마커스 가비, 1920년","{'question': '이 구절을 가장 잘 이해한 것을 고르시오.', 'choices': ['미국 이민 제한에 찬성하는 주장이다.', '노동계급 아프리카계 미국인, 백인 남성, 백인 여성의 단결을 이끌려는 시도다.', '흑인 민족주의의 표현이다.', '산업계에서 아프리카계 미국인의 지위 증진을 촉진하고자 고안된 선전이다.'], 'answer': 3}",
generation-for-nlp-1062,"""사회적 관습을 무너뜨릴 정도로 강력한 유일한 힘은 경제적 필요성이다. . . . 경제적 필요성으로 여성이 집에서 나와 사업의 세계로 발을 딛었고, 여성이 집에서 혼자, 혹은 친구 집에서만 식사를 해야 한다는 낡은 사상이 완전히 무너졌고 새로운 사회 현상이 생겼다. 남성의 안내 없이 공공장소에서 식사하는 여성 수는 수만 명에 달하며 요식업에 완전히 새로운 국면을 불러일으켰다."" —뉴욕타임스, 1905년 10월 15일","{'question': '다음 중 이 글에 설명된 상황을 지지할 가능성이 가장 높은 단체는 어디입니까?', 'choices': ['쿠 클럭스 클랜', '미국 금주동맹', '전국 여성참정권 협회', '남부 기독교 지도자 회의'], 'answer': 3}",
generation-for-nlp-1063,"하지만 전 우리 역사의 이 특별한 순간 시민의 자유가 중요함을 누구보다 더 잘 알고 있을 겁니다. 전국을 여행하고 사람들을 만나고 힘 없는 사람들에게 일어난 일들을 보니까요. 저는 시민의 자유를 지키기 위한 민주주의가 무엇을 의미하는지 깨닫습니다. 우리는 수년 동안 시민의 자유를 위해 싸워야 했습니다. 빛이 다소 어두워질 때마다 민주주의가 위험에 처한다는 점을 압니다. 현재 세계 전체의 혼란스러운 상황으로 다른 많은 나라에서는 시민의 자유가 사라졌습니다. 물론 전쟁 중에 언론의 자유, 표현의 자유, 집회의 자유를 지키는 것은 불가능합니다. 자동으로 사라집니다. 그래서 평소에는 안전했던 많은 나라에서 현재는 사라졌습니다. 다른 나라에서는 전쟁 발발 전부터 언론의 자유, 집회의 자유, 발언의 자유는 물론 종교의 자유도 사라졌습니다. 그래서 우리는 이 나라에 중대한 책임이 있다는 것을 알고 있습니다. 우리는 평화롭습니다. 우리에게는 전 세계 수많은 다른 민족을 지배하는 두려움이 있을 이유가 없습니다. 그러므로 우리는 민주주의의 자유를 지켜야 합니다.","{'question': '엘레노어 루즈벨트는 연설에서 시민의 자유에 먼저 위협이 된 것이 무엇이라고 하였는가?', 'choices': ['제1차 세계대전', '뉴딜', '냉전', '대공황'], 'answer': 1}",
generation-for-nlp-1064,"대형 신발 공장 파업 중 헐 하우스에서 열린 소녀 노동자 모임에서 진행된 토론을 통해, 가장 쉽게 겁먹고 항복한 파업 노동자는 당연히 식비를 내는 소녀들이었으며, 지나치게 뒤처지면 퇴출될까봐 두려웠음이 분명해졌다. 특별한 고난이 있었던 사건을 낭독한 후 그중 하나는 이렇게 외쳤다. ""우리만의 기숙 클럽이 있어 이럴 때 서로 돕는다면 좋지 않을까?"" 그 후 사건은 빠르게 진행되었다. 우리는 ... 그러한 사업의 어려움과 장점을 모두 논했고, 1891년 5월 1일 헐 하우스 근처에 두 개의 편안한 아파트를 임대하고 가구를 놓았다. 복지관은 가구를 책임지고 첫 달 임대료를 지불했지만, 이후에는 회원들이 직접 클럽을 관리했다.… 3년차 말, 클럽은 원래 건물에 있던 아파트 6개를 모두 점유했으며 회원 수는 50명이었다.","{'question': '다음 중 위 구절에서 제인 애덤스의 관점을 가장 잘 반영한 것은?', 'choices': ['가난한 사람들은 자신과 같은 개혁가의 리더십이 필요하다.', '가난한 사람들은 자조를 위해 지원이 필요하다.', '가난한 사람들은 외부의 도움이 필요하지 않다.', '가난한 사람들은 도움을 받을 자격이 없다.'], 'answer': 2}",
generation-for-nlp-1065,"그들은 우리에게 이 새로운 소유물의 통치 방법을 묻습니다. 저는 대답하겠습니다. 현지 조건과 사례의 필요성에 따라 정부의 방식이 성장한다고요. 영국이 외국 땅을 통치할 수 있다면 미국도 할 수 있습니다. 독일이 외국 땅을 통치할 수 있다면 미국도 할 수 있습니다. 그들이 보호령을 감독할 수 있다면 미국도 할 수 있습니다. 뉴멕시코나 캘리포니아에 비해 하와이를 관리하는 것이 더 어려운 이유가 무엇입니까? 둘 다 야만인과 외국 인구가 있습니다. 둘 다 우리의 지배하에 들어왔을 때 오늘날 필리핀보다 정부 위치에서 더 멀리 떨어져 있었습니다.
미국의 통치력이 쇠퇴했다고 투표로 말하실 겁니까? 한 세기 동안의 자치 경험이 결과적으로 실패했다고? 미국의 힘과 현실 감각을 믿지 못한다고 투표로 확인하시렵니까? 아니면 우리의 힘이 정부의 피라고, 지배의 심장이라고, 행정의 두뇌이자 천재라고 말하실 겁니까? 우리는 그저 조상들이 했던 일, 다시 말해 우리는 서쪽으로, 남쪽으로 더 멀리 자유의 장막을 칠 뿐임을, 그저 국기의 진군을 계속할 뿐임을 기억하시겠습니까? —앨버트 비버리지(Albert Beveridge) 저 ""국기의 행진"" 인디애나폴리스 1898년 9월 16일","{'question': '비버리지의 연설 주제와 가장 직접적으로 비견되는 것은 다음 중 무엇인가?', 'choices': ['먼로 독트린', '봉쇄', '명백한 운명', '국가의 권리에 대한 이데올로기'], 'answer': 3}",
generation-for-nlp-1066,"브로드웨이 하우스의 제조 부서에서 일하는 여성의 사례입니다. 이 여성과 같은 100명의 사례를 대표합니다. 여성은 평균 주급 3달러를 받습니다. 1.5달러로 방세를 내고, 아침으로 커피 한 잔을 마시고 점심을 먹을 돈은 없습니다. 하루에 한 끼만 가능합니다. 여성은 젊고 아름답습니다. 여성에게는 “그녀 이전의 세계”가 있습니다. 기적에는 못 미치는 일이 일어나 이 여성이 “준비되지 않은 이른 결혼”을 했다면 이는 도덕주의자들이 빈곤층이 빈곤한 원인으로 꼽는 원인 중 하나에 속할까요? 이러한 노예와 같은 삶에서 벗어날 수만 있다면 대체로 어떤 방법이든 환영받을 것 같습니다. “하루 세 끼를 챙겨먹으니 훨씬 건강해진 기분이 들어요” 소녀 보호소에 있는 소녀의 말입니다. 어린 재봉사 소녀 두 명이 생계를 위해 가사 도우미 일에 지원하러 왔습니다. 이들은 그 동안 하루에 반 정도밖에 식사를 하지 못했으며 굶주림으로 인해 미국에서 태어난 여자아이의 자존심이 허락하지 않았을 곳의 문을 두드렸습니다. 가난이 독립에 대한 대가일지 모르지만 말입니다. – 제이콥 리이스, How the Other Half Lives, 1890년","{'question': '위 구절에서 젊은 여성들이 직면한 상황과 가장 직접적으로 비교할 수 있는 것은 무엇입니까?', 'choices': ['1770년대 미국 혁명가', '남북전쟁 전 노예', '1890년대 포퓰리스트 농민', '1930년대 디트로이트 자동차 노동자'], 'answer': 4}",
generation-for-nlp-1067,"연방 유권자의 78% 투표로, 링컨 212표, 매클렐런 21표로 링컨은 은 선거인단 재선에서 압승하였다. 대통령에 대한 55%의 대중 투표는 19세기 세 번째로 큰 득표였으며, 이는 1828년 잭슨의 첫 승리와 1872년 그랜트의 재선에 이어 세 번째로 컸다. 매클렐런은 뉴저지, 델라웨어, 켄터키에서만 우승했다. 공화당원은 원주민 농부, 숙련되고 전문적인 노동자, 뉴잉글랜드 출신, 젊은 유권자, 군인의 지지를 얻었다. 민주당원은 도시, 아일랜드계, 독일계 미국인(가장 인구가 많은 이민자 그룹)에서 가장 강한 지지를 얻었다. 링컨은 북군 육군과 수병으로부터 78%의 표를 얻은 것으로 추정된다. 재선에 필수적인 수치는 아니었으나 몇몇 가까운 주에서는 간신히 승리하였으며 더 중요하게는 큰 상징적 가치가 있었을 것이다. 공화당원은 또한 하원에서 149대 42, 상원에서 42대 10으로 난공불락의 통제권을 유지하며 의회에서도 의석을 얻고, 여러 주 의회를 되찾았다. 뉴저지 주지사(맥클렐런의 고향)만 패했다.","{'question': '다음 중 위 발췌문이 가장 잘 뒷받침하는 결론은?', 'choices': ['링컨은 인구가 많은 북부 주에서 더 많은 표를 얻었고, 매클렐런은 인구가 적은 주에서 승리했다.', '링컨은 남북전쟁에서 연방의 성공으로 1864년 선거에서 승리했다.', '노예해방 선언은 남부의 흑인 유권자를 동원하여 1864년 선거에서 링컨에게 투표하게 했다.', '공화당은 링컨을 대신하여 유세를 벌이는 노력을 통해 의회를 장악했다.'], 'answer': 1}",
generation-for-nlp-1068,"""다트머스에 거주하는 가난한 흑인과 흑인 혼혈 몇 명의 청원은 다음을 겸손하게 보여준다. ""우리는 주로 아프리카 혈통이어서 오랜 속박과 가혹한 노예 생활로 인해 이웃 백인처럼 노동의 대가나 부모로부터 재산을 상속받는 혜택을 누리지 못했다. 우리 중 일부는 오랫동안 자유를 누리지 못했다. 늦었지만 최근 나라의 변함없는 관습과 관행에 반하여 여론조사와 아주 고된 노동과 근면으로 획득한 작은 재산에 세금을 부과받아 왔고 지금도 받고 있다. 우리는 자신과 가족 모두를 부양하기 위해 함께 모였다. 그렇기에 우리는 그것이 가혹하다고 여기며 (계속된다면) 의심할 바 없이 우리를 빈곤에 빠지게 할 것이며, 그로 인해 그대들이 정의와 권력으로 개입하여 적시에 예방하지 않으면 우리는 다른 사람들에게 짐이 될 것이다. ""더 나아가 그대의 청원인들은 우리가 불만을 품었음을 보여줄 것이다. 우리가 국가의 자유인으로서의 특권을 허용받지 못하고 우리에게 세금을 부과하는 사람들의 선거에 투표권이나 영향력을 갖지 못함에도 불구하고, (잘 알려진 바와 같이) 우리 유색 인종의 다수가 공동의 대의를 지키고자 기꺼이 전쟁터에 뛰어들었고, (우리가 생각하기에) (과세와 관련한) 유사한 권력 행사에 맞서는 것은 너무 잘 알려져 있어 이 자리에서 낭독할 필요가 없을 것이라는 점에서 말이다."" —폴 커프의 청원, 매사추세츠, 1780년","{'question': '위의 폴 커프의 청인이 가장 잘 설명하는 상황은?', 'choices': ['미국 혁명의 수사는 사회적 불평등에 대한 인식을 고취시켰고 집단과 개인에게 영감을 주어 보다 큰 정치적 민주주의를 요구하게 되었다.', '스토노 반란과 같은 노예 반란은 북미 전역의 노예 상태의 미국인에게 영감을 주어 유사한 행동에 참여하게 하였다.', '미국혁명 당시 영국군 편에서 싸웠던 아프리카계 미국인들은 영국이 패한 후 아프리카계 미국인이자 애국적 대의의 반역자로서 나약함을 두 배로 느꼈다.', '아프리카계 미국인들은 매사추세츠주 정부 하에서 식민지 시대 영국 법보다 더 나쁜 대우를 받았다.'], 'answer': 1}",
generation-for-nlp-1069,"""우리 사안이 급속히 위기에 빠져들고 있다는 귀하의 감정에 동의한다. 무슨 사건이 일어날지는 내 예측 범위를 넘어서는 일이기도 하다. 우리는 오류를 수정해야 한다. 우리는 연합을 결성하는 과정에서 인간 본성이 선하리라 지나치게 짐작한 듯하다. 경험을 통해 우리는 인간이 강압적인 권력 개입 없이는 자기 이익을 위해 최선으로 계산한 조치를 채택하고 실행하지 않는다는 점을 배웠다. 나는 주 정부 권한이 여러 주에 펼쳐진 것과 같은 강력한 방식으로 연방 전체를 지배할 권력이 어딘가 자리잡지 않고는 우리가 하나의 국가로서 오랫동안 존재하리라 생각하지 않는다. . . . ""몇 년 후 얼마나 놀라운 변화가 일어날 수 있을까. 존경스러운 인물조차 공포 없는 군주정 형태를 이야기한다는 말을 들었다. . . . 우리 적들이 스스로의 예측을 검증한 것은 참으로 큰 승리다! 우리는 자치가 불가능하며 평등한 자유를 기반삼아 설립한 시스템은 이상과 오류덩어리에 불과하다는 사실을 발견하다니, 전제주의 옹호자들의 참으로 큰 승리다. . . ."" —조지 워싱턴(George Washington), 존 제이에게 보낸 편지, 1786년 8월 1일","{'question': '편지 맥락에 비추어 볼 때, 다음 중 ""인간 본성이 선하리라 지나치게 짐작한 듯하다""라는 워싱턴의 문장의 뜻을 가장 잘 설명하는 것은?', 'choices': ['현대 이신론의 영적 믿음은 칼뱅주의의 ""원죄"" 개념을 포기했다는 점에서 잘못된 방향으로 인도되었다.', '미국은 파리조약(1783) 규정을 준수할 것이라는 영국의 선의와 명예를 과대평가했다.', '미 육군은 오하이오 계곡과 오대호 지역의 아메리카 인디언들이 백인 정착민들과 함께 살고자 하는 의지를 잘못 읽었다.', '연합규약(Articles of Confederation) 입안자들은 새 공화국에서 민주주의를 너무 높은 수준으로 허용하는 실수를 저질렀다.'], 'answer': 4}",
generation-for-nlp-1070,"오늘 밤, 아이들의 미래를 가장 큰 목표로 삼은 한 여성의 딸이 우리 모두를 위한 미래에 대해 미국에서 가장 오래된 정당에게 고합니다. 오늘 밤, 일하는 미국인의 딸은, 모든 미국인에게 우리가 기꺼이 손을 뻗으면 미래는 손에 닿는다는 점을 전합니다. 오늘 밤, 이탈리아 출신 이민자의 딸은 아버지가 사랑하게 된 새로운 땅의 (부)통령 출마자 지명을 받았습니다.… 미국인들은 동일한 규칙에 따라 살고 싶어합니다. 하지만 현 정부 하에서는 너무 많은 국민들에게 규정이 동일하지 않습니다. 개인이 내는 세금 몫은 매년 늘어나고, 대기업이 내는 몫은 점점 줄어들고 있는 것은 옳지 않습니다.… 젊은 부부가 50,000개의 핵탄두가 있는 세계에 아이를 낳을지 의문을 품는 일은 옳지 않습니다. 미국인들이 2세기 넘게 노력해 온 비전이 아닙니다.… 오늘 밤, 우리는 꿈을 되찾습니다. 우리는 다시 모든 미국인을 위한 미국적 삶의 규칙을 만들 겁니다.… 문제는 미국이 여성을 위해 무엇을 할 수 있는지가 아니라 여성이 미국을 위해 무엇을 할 수 있는지입니다.","{'question': '제랄딘 페라로와 가장 직접적으로 비견되는 여성은?', 'choices': ['애비게일 애덤스', '산드라 데이 오코너', '제인 애덤스', '로사 파크스'], 'answer': 2}",
generation-for-nlp-1071,"명백히 독재자 하나가 더는 침략에 맞서는 유엔 공동행동을 방해할 목적으로 동서 대결에 의존할 수는 없게 되었습니다. 새로운 국가 파트너십이 시작되었습니다. 그리고 오늘 우리는 독특하고 특별한 순간을 맞이합니다. 페르시아만의 위기는 아주 심각하지만 역사상 협력의 시기를 향해 나아갈 수 있는 흔치 않은 기회이기도 합니다. 이 어려운 시기 우리의 다섯 번째 목표인 신세계 질서가 나타날 수 있습니다. 테러 위협에서 더욱 자유롭고, 더욱 강한 힘으로 정의를 추구하며, 더욱 안전하게 평화를 추구할 새로운 시대입니다. 동서남북을 막론하고 세계 각국이 번영하고 화합하며 살아갈 수 있는 시대입니다. —조지 허버트 워커 부시 대통령, 의회 합동회의 연설, 1990년 9월 11일","{'question': '부시 대통령은 다음 중 무엇에 대응하였습니까?', 'choices': ['이라크 독재자 사담 후세인의 쿠웨이트 정복', '베를린 장벽의 붕괴', '알카에다의 테러 공격', '유고슬라비아 해체와 보스니아 전쟁 발발'], 'answer': 1}",
generation-for-nlp-1072,"""링컨은 노예제를 강력하게 반대했으나 노예제 폐지론자나 급진 공화당원도 아니었고 자신이 그렇다고 주장한 적도 없다. 링컨은 ‘어디에 있건 모든 사람은 자유로울 수 있다’는 개인적 소망을 자주 언급했으나 남부의 노예 재산권을 인정한 헌법 및 법률 체제에서 자신의 입법자, 의원이자 대통령으로서의 공식적인 의무와 소망의 구분을 명확히 했습니다. 노예해방 선언문을 발표한 후에도 점진적 폐지를 선호한다는 입장을 계속 밝혔다. 그의 인종적 견해는 남북전쟁 중 바뀌었으나 결코 프레더릭 더글러스나 웬델 필립스 같은 노예폐지론자, 찰스 섬너 같은 급진적 공화당원처럼 원칙을 지키는 평등주의자였던 적이 없다. —에릭 포너, 불타는 재판, 2010년","{'question': '노예해방 선언문을 가장 잘 설명한 것은 다음 중 무엇입니까?', 'choices': ['남북전쟁 종전 후 미국 국경 내에 거주하는 모든 노예의 자유를 보장했다.', '선언 당시 미국에 대항하여 반란을 일으킨 주와 일부 주의 노예만을 해방하였다.', '남부 주가 개별적으로 미국 정부와 평화조약 체결에 동의하는 조건으로 노예의 자유를 선언했다.', '이는 연방군과 남부군 모두가 전투에 노예를 사용하는 것을 금지했다.'], 'answer': 2}",
generation-for-nlp-1073,"여러분께 바라건대 우리 자신을 속이지 말맙시다. 우리는 다가올 태풍에 대비해 할 수 있는 모든 일을 했습니다. 청원했고, 항의했고, 간청했습니다. 왕좌에 엎드려도 보았고 내각과 의회의 폭정을 멈추기 위해 왕의 개입을 바랐습니다. 우리의 청원은 무시당했고 우리의 항의는 더 많은 폭력과 모욕을 낳았습니다. 우리의 간청은 버림받았고 우리는 왕좌의 발치에서 경멸당하며 쫓겨났습니다. 이런 일이 있은 후 우리는 절망에 빠져 평화와 화해에 대한 실낱같은 희망을 좇았습니다. 이제 희망조차 남지 않았습니다…이 문제를 언급하는 것 조차 헛된 일입니다. 신사들은 평화를 부르짖지만, 평화는 없습니다. 전쟁은 이미 일어났습니다! 북쪽에서 불어올 다음 찬바람이 우리의 귓구멍에 포성을 불러올 것입니다! 이미 우리 형제들이 전장에 나가 있습니다! 왜 이러고들 서 있는 겁니까? 그들이 바라는 것은 무엇입니까? 이들이 가진 것은 무엇입니까? 생명이 그리 소중하고 평화가 달콤하다면 사슬과 노예의 삶과 맞바꿀 수 있는 것입니까? 전능한 신이시여, 모두 막아주소서! 다른 사람들의 선택은 모르겠으나 저에게 물으신다면 자유 아니면 죽음을 주십시오! – 패트릭 헨리, 1775년 3월 23일","{'question': '이 구절에서 헨리가 표현한 미국인의 지속적인 우려는 다음 중 무엇인가?', 'choices': ['외국에 얽힌 동맹이 없음', '상비군의 위험성', '자치', '정교분리'], 'answer': 3}",
generation-for-nlp-1074,"""우리는 인간이다. 세상의 다른 인종과 같이 영혼, 열정, 감정, 희망, 욕망이 있습니다. 오늘날 전 세계는 캐나다인을 위한 캐나다, 미국인을 위한 미국, 영국인을 위한 영국, 프랑스인을 위한 프랑스, 독일인을 위한 독일이라는 외침이 울려 퍼지고 있습니다. 세계의 흑인으로서 우리가 아프리카인을 위한 아프리카라 외치는 것이 합당할까요?"" —마커스 가비, 1920년","{'question': '위 구절이 미국 역사에서 진행 중인 논쟁 중 제시하는 입장은?', 'choices': ['외교정책에서 개입주의와 고립주의 간 논쟁.', '미국 사회에서 아프리카계 미국인 지위에 관한 분리주의와 통합 간 논쟁.', '이민 정책에서 배제와 포함 간 논쟁.', '경제 문제에서 자유방임주의 정책과 정부 개입 간 논쟁.'], 'answer': 2}",
generation-for-nlp-1075,"""우리가 어린 시절 미국은 세계에서 가장 부강한 나라였다. 원자폭탄을 보유한 유일한 나라, 현대 전쟁의 피해가 가장 적은 나라, 서구의 영향력을 전 세계에 분산할 것이라 생각했던 UN의 창설국이었다. 개인을 위한, 국민에 의하고 국민을 위한 정부의 자유와 평등은 우리가 선하다고 생각하는 미국의 가치이자 우리가 인간으로 살아갈 수 있는 원칙이다. 우리 중 많은 이가 안일함 속에서 성숙하기 시작했다.
""그러나 우리가 성장하며 무시할 수 없을 만큼 괴로운 사건들이 우리의 편안함을 침범했다. 첫째, 인종 편견에 맞서는 남부의 투쟁으로 상징되는 인간 타락의 침투적이고 피해를 입히는 사실로 인해 침묵하던 우리 대부분이 행동을 취했다. 둘째, 폭탄의 존재로 상징되는 냉전이라는 임박한 사실로 인해, 우리와 친구, 그리고 우리가 보다 직접적으로 알고 있는 수백만 명의 추상적인 '타인'이 공동의 위협 때문에 언제든지 죽을 수 있다는 인식이 생겼다. . . ."" —1962년 포트 휴런 성명","{'question': '포트 휴런 성명의 주된 청중은 누구인가?', 'choices': ['남부의 아프리카계 미국인', '정부관료', '중산층 대학생', '공장 근로자'], 'answer': 3}",
generation-for-nlp-1077,"""우리나라와 본질상 구속력이 거의 없는 은행은 우리의 자유와 독립에 위험이 없습니까? 은행장은 대부분의 주립은행이 관용 덕택에 존재한다고 말했습니다. 은행의 영향력이 이같은 법안의 운영 하에서 그러하듯 외국 주주의 이익과 동일시되는 자체 선출 이사의 손에 집중된다면, 평시 선거의 순수성과 전쟁 중인 조국의 독립에 위기 원인이 되지 않을 겁니까? 은행의 힘은 휘두르기로 결정할 때마다 커질 겁니다. 그러나 이러한 독점이 자신들이 제안한 조건에 따라 15년, 20년마다 정기적으로 갱신된다면, 평시 선거에 영향을 미치거나 국가 문제를 통제하기 위해 힘을 휘두르는 일은 거의 없을 것입니다. 그러나 만약 어떤 민간인이나 공직자가 은행의 권한을 축소하거나 특권의 갱신을 막고자 개입한다면, 바로 은행의 영향력을 느끼게 될 것이라는 것은 의심할 여지가 없습니다."" 앤드류 잭슨 대통령, 미국 은행 거부권, 1832년 1824년 선거가 대통령 정치에 전환점이 된 이유는 처음으로...","{'question': '이 지문에 나타난 정보는 무엇인가?', 'choices': ['연방당원이 아닌 사람이 대통령에 당선되었다.', '대선후보와 부통령 후보가 한 표로 함께 출마했다.', '모든 후보자가 주 전역에서 광범위하게 유세 활동을 벌였다.', '의회 간부회의에서 후보자를 선택하는 체제가 실패했다.'], 'answer': 4}",
generation-for-nlp-1078,"""미국인들은 정부와 선출직 공무원을 비판할 능력을 포함하여 세계 어느 나라 시민보다 자유와 권리를 더 많이 가지고 있습니다. 그러나 원하는 바를 이루지 못할 때 폭력이나 폭력의 위협에 의지할 권리는 없습니다. 건국자들은 이성이 두려움을 압도하는 정부 체제를 구축했습니다. 오클라호마시는 법 없이는 자유도 없음을 다시금 증명했습니다. 비판은 민주주의의 생명선입니다. 항상 옳은 사람은 없습니다. 하지만 정책이나 정치인 비판과, 우리 자유를 보장하는 정부와 법을 집행하는 공무원을 악마화하는 일에는 큰 차이가 있다는 점을 기억해야 합니다."" 빌 클린턴 대통령, ""우리가 오클라호마시에서 배운 것"", 2010년 (오클라호마시 폭격 15주기 작성) ""와코가 없었다면 난 어딘가에 뿌리를 내렸을 것이고 우리 정부가... 나에게 위협이 된다는 사실에 그리 불안해하지 않았을 것이다. 와코가 암시하는 모든 것이 내 생각의 최전선에 있었다. 그것이 향후 몇 년 동안 내 길을 안내해 주었다."" 티모시 맥베이, 오클라호마 시티 폭격기, 2001년 미국 하원의원 존 코니어스, 텍사스주 와코 다윗교단 지파 대치를 둘러싼 사건: 1993년 하원 사법위원회 청문회","{'question': '위 발췌문이 가장 밀접하게 뒷받침하는 추론은 다음 중 무엇인가?', 'choices': ['1990년대에는 국내 분쟁을 해결하고자 연방 권력을 과도하게 사용하는 일에 대한 반정부 정서가 민병대와 티모시 맥베이 같은 고독한 자경단원에게 영감을 주었다.', '1993년 재닛 리노 법무장관은 티모시 맥베이가 이끄는 다윗교단 지파에 대한 공세를 시작했고, 나중에 강압적인 접근법 때문에 의회에서 비판받았다.', '오클라호마시 폭탄투하 후 반정부 정서가 고조되는 것을 두려워한 재닛 리노 법무장관은 다윗교단 지파 대치를 진압하고자 군대를 보냈고 나중에 의회의 비판에 직면했다.', '재닛 리노 법무장관은 부분적으로는 존 코니어스 하원의원이 주도한 클린턴 대통령에 대한 의회 압력으로 인해 사임했다.'], 'answer': 1}",
generation-for-nlp-1080,"""다트머스에 거주하는 가난한 흑인과 흑인 혼혈 몇 명의 청원은 다음을 겸손하게 보여준다. ""우리는 주로 아프리카 혈통이어서 오랜 속박과 가혹한 노예 생활로 인해 이웃 백인처럼 노동의 대가나 부모로부터 재산을 상속받는 혜택을 누리지 못했다. 우리 중 일부는 오랫동안 자유를 누리지 못했다. 늦었지만 최근 나라의 변함없는 관습과 관행에 반하여 여론조사와 아주 고된 노동과 근면으로 획득한 작은 재산에 세금을 부과받아 왔고 지금도 받고 있다. 우리는 자신과 가족 모두를 부양하기 위해 함께 모였다. 그렇기에 우리는 그것이 가혹하다고 여기며 (계속된다면) 의심할 바 없이 우리를 빈곤에 빠지게 할 것이며, 그로 인해 그대들이 정의와 권력으로 개입하여 적시에 예방하지 않으면 우리는 다른 사람들에게 짐이 될 것이다. ""더 나아가 그대의 청원인들은 우리가 불만을 품었음을 보여줄 것이다. 우리가 국가의 자유인으로서의 특권을 허용받지 못하고 우리에게 세금을 부과하는 사람들의 선거에 투표권이나 영향력을 갖지 못함에도 불구하고, (잘 알려진 바와 같이) 우리 유색 인종의 다수가 공동의 대의를 지키고자 기꺼이 전쟁터에 뛰어들었고, (우리가 생각하기에) (과세와 관련한) 유사한 권력 행사에 맞서는 것은 너무 잘 알려져 있어 이 자리에서 낭독할 필요가 없을 것이라는 점에서 말이다."" —폴 커프의 청원, 매사추세츠, 1780년","{'question': '위에서 발췌한 폴 커프 청원의 주요 목적은 무엇인가?', 'choices': ['노예제는 매사추세츠 헌법과 양립할 수 없으니 청원자를 노예제에서 해방시켜 줄 것을 요청한다.', '매사추세츠주 의회는 노예 생활에 대한 보상으로 청원자에게 보상을 제공하라.', '청원자는 미국혁명 동안 대륙군에 복무한 대가로 충성파로부터 몰수한 토지를 받아야 한다.', '매사추세츠주 의회는 청원인에게 투표권을 부여하거나 세금 납부를 면제해야 한다.'], 'answer': 4}",
generation-for-nlp-1082,"""넓고 무한한 미래는 위대한 미국의 시대가 될 것이다. 많은 나라로 구성된 나라는 거대한 공간과 시간의 영역에서 인류에게 신성한 원칙의 탁월함을 현시하고, 가장 고귀하며 거룩하고 참된 자를 숭배하고자 역대 바쳐진 가장 고귀한 성전을 지상에 세우는 운명을 부여받았다. 그 바닥은 반구가 될 것이다. 그 지붕은 별 가득한 하늘의 창공이 될 것이며, 그 집합은 행복한 수백만으로 구성되고 주인을 부르지 않고 형제애의 법칙이자 '인간 사이의 평화와 선의'의 법인 신의 자연과 도덕적 평등 법칙에 따라 통치하는 많은 공화국의 동맹이 되리라."" 존 L. 오설리번, ""미래의 위대한 국가"", 1839년","{'question': '다음 중 명백한 운명(Manifest Destiny) 개념과 가장 밀접한 연관이 있는 대통령은 누구입니까?', 'choices': ['제임스 K. 포크', '앤드류 존슨', '우드로 윌슨', '로날드 레이건'], 'answer': 1}",
generation-for-nlp-1086,"""반대파는 우리가 국민의 동의 없이 통치해서는 안 된다고 말한다. 나는 대답한다. 모든 정당한 정부의 권위는 피통치자의 동의로부터 나온다는 자유의 법칙은 자치력이 있는 자들에게만 적용된다. 우리는 인디언의 동의 없이 통치하고, 동의 없이 우리 영토를 통치하며, 동의 없이 우리 아이들을 통치한다. 우리 정부가 인디언의 동의를 얻지 못할 것이라는 것을 어떻게 알 수 있는가? 우리는 필리핀 국민을 잔인하고 피비린내 나는 약탈과 강탈의 통치에서 구해냈고, 우리 공화국의 정의롭고 인간적이며 문명화된 정부를 선호하지 않을까? 그리고 계몽되고 자치 가능한 자만을 위한 언어의 공식에도 불구하고, 우리는 세상에 대한 의무가 없는가? 우리는 악취나는 손에서 이 민족들을 구하였다. 다시 그 손에 되돌려 놓을 수 있는가? 독일, 영국, 일본이 호시탐탐 노리는 와중, 그들을 버려야 하는가? 우리는 이런 나라로부터 구하여 비극의 자치권을 줄 것인가?... 그렇다면, 어린아이가 아닌 어른처럼 우리의 임무, 사명, 운명에 전념하자."" 앨버트 J. 비버리지, ""국기의 행진”, 1898년","{'question': '다음 중 비버리지가 주장에 사용하는 근거는?', 'choices': ['서부 국경 폐쇄로 미국은 영토를 해외로 확장하였다.', '지역 통치는 유럽 국가와 비백인 국가 모두에게 경제적 이익이다.', '강대국은 발전도가 낮은 국가를 통치할 도덕적 의무가 있다.', '인종적 우월성은 개발도상국의 문제에 미국과 유럽에 책임을 부여한다.'], 'answer': 3}",
generation-for-nlp-1087,"우리가 겪는 경제적 질병은 수십 년에 걸쳐 닥쳐왔습니다. 며칠, 몇 주, 몇 달 안에 사라지지는 않으나 사라질 겁니다. 우리 미국인들은 과거에도 그랬듯, 지금 마지막이자 가장 위대한 자유의 보루를 지키고자 필요한 모든 일을 할 능력을 갖추고 있기에 사라질 겁니다. 현재 위기에서 정부는 우리 문제에 대한 해결책이 아닙니다. 정부 그 자체가 문제입니다. . . . ""저는 연방 기관의 규모와 영향력을 줄이고, 연방 정부에 부여된 권력과, 국가나 국민에게 부여된 권력을 구별해 승인할 것을 요청하고자 합니다. 우리 모두는 연방정부가 국가를 창설한 것이 아니라는 점을 기억해야 합니다. 국가가 연방정부를 창설했습니다."" —로널드 레이건, 첫 취임 연설, 1981년 1월 21일","{'question': '1980년 로널드 레이건 대통령 당선으로 이어진 보수 정치 부흥의 견해를 고르시오.', 'choices': ['1960년대와 1970년대 정치 지도자는 인종적, 경제적 현상 유지 개선에 충분한 노력을 기울이지 않았다.', '미국은 군사적 해결책에 너무 많이 의존해 더욱 고립주의적 외교 정책을 추구해야 했다.', '종교 지도자들의 독단적 정부 정책으로 정교분리가 모호해졌다.', '1960년대 자유주의 법률과 법원 판결, 전반적인 도덕적 쇠퇴로 미국이 약화되고 있었다.'], 'answer': 4}",
generation-for-nlp-1088,"""참석한 대화에서 그 주제가 나올 때마다 우리가 대표하지 않는 의회에서는 우리에게 세금을 부과할 수 없다는 것이 모든 사람의 의견인 듯했습니다. 그러나 상업 규정으로서 의회법에 의해 부과된 관세 지불에 대해서는 이의가 제기된 바 없습니다. . . . 외부세는 수입되는 상품에 부과되는 관세이다. 해당 관세는 해당 상품에 대한 첫 번째 비용 및 기타 부과금 추가되며, 판매용으로 제공되면 가격의 일부가 됩니다. 사람들은 그 가격이 마음에 들지 않으면 거절하며, 지불할 의무가 없습니다. 그러나 내국세는 국민 대표가 부과하지 않아도 동의 없이 국민에게 부과됩니다. 인지법에 따르면 우리는 상업을 할 수 없고, 서로 재산을 교환할 수 없으며, 구매도 증여도 부채 상환도 할 수 없습니다. 우리는 잡다한 금액을 지불하지 않는 한 결혼하거나 유언장을 작성할 법적 권한도 없습니다. 따라서 이는 우리에게서 금전을 갈취하거나 금전 지불을 거부한 결과로 파멸시키려는 의도입니다."" —벤자민 프랭클린, 의회 심사, 1766년","{'question': '설명된 정책의 가장 즉각적으로 나타난 결과는 무엇인가?', 'choices': ['인디언 부족과 백인 정착민 간 평화.', '체로키족의 고향 강제 이주.', '미시시피강 서쪽 땅에 대한 인디언의 소유를 보장한 최초의 포트 래러미 조약.', '남동부 여러 부족과 미국 정부 사이 협상 결과로 부족들은 10년 동안 자신들의 땅에 머무는 것이 허용되었다.'], 'answer': 2}",
generation-for-nlp-1089,"이 지문에 나타난 정보는 무엇인가? 우리 선조들 덕택에 우리나라는 산업혁명의 첫 물결, 현대 발명의 첫 물결, 원자력의 첫 물결을 겪었고, 이번 세대는 다가오는 우주 시대의 역류에 허우적거리지 않을 것입니다. 우리는 그 일부가 되고, 이끌 것입니다. 이제 세상의 눈은 우주, 달, 그 너머 행성을 바라보고 있으며, 우리는 우리나라가 적대적인 정복의 깃발이 아니라 자유와 평화의 깃발로 통치받는 모습을 보게 되리라고 맹세했기 때문입니다. 우리는 대량살상무기가 아닌 지식과 이해의 도구로 가득한 우주를 보게 될 것이라 맹세했습니다.… 우리는 달에 갈 것입니다. 우리는 이번 10년 안에 달에 가서 다른 일을 할 것입니다. 쉽기 때문이 아니라 어렵기 때문이며, 그 목표는 우리가 가진 최고의 에너지와 기술을 조직하고 측정할 것이기 때문이며, 이 도전은 우리가 기꺼이 받아들이는 것이자, 연기할 수 없는 것이자, 쟁취하려는 것이자, 나머지도 마찬가지기 때문입니다. —존 F. 케네디(John F. Kennedy), 1962년 9월 12일","{'question': '케네디의 연설과 가장 잘 비견되는 것은?', 'choices': ['드와이트 아이젠하워의 ""군산복합체"" 연설', '조지 워싱턴의 고별 연설', '에이브러햄 링컨의 게티즈버그 연설', '프랭클린 D. 루즈벨트의 ""민주주의 무기고"" 연설'], 'answer': 4}",
generation-for-nlp-1090,"""이 법이 통과된 이후 누구든 흑인이나 흑인 혼혈을 평생 노예나 하인으로 부릴 목적, 혹은 어떤 용어를 사용하든 무력이나 폭력으로 판매 또는 처분하거나, 판매의 원인이 되거나, 구류 또는 억류하거나, 구류나 억류의 원인이 되게 할 목적 또는 의도로 납치하거나, 이동하거나, 납치당하게 하거나, 이동당하게 하거나, 사기나 허위로 유혹하거나, 유혹당하게 하거나, 또는 탑치하거나, 이동하거나, 유혹하려는 목적으로 여하한 흑인이나 흑인 혼혈을 이 영연방 일부에서 여하한 다른 지역이나 이 영연방 외부로 데려간다면 그러한 사람 모두는 물론 조력자나 방조자 역시 적절한 관할권이 있는 영연방 법원에서 중범죄로 유죄 판결을 받는다."" —1826년 펜실베니아 법률 발췌","{'question': '비평가들이 대법원에서 이 1826년 법률의 합헌성에 이의를 제기한 이유를 고르시오.', 'choices': ['취득자 법안에 대한 헌법적 금지명령을 위반했다.', '헌법의 도망노예 조항의 의도를 훼손했다.', '헌법의 3/5 조항을 우회했다.', ""수정헌법 제5조의 '수용권' 조항에 위배된다.""], 'answer': 2}",
generation-for-nlp-1091,"오늘 밤, 아이들의 미래를 가장 큰 목표로 삼은 한 여성의 딸이 우리 모두를 위한 미래에 대해 미국에서 가장 오래된 정당에게 고합니다. 오늘 밤, 일하는 미국인의 딸은, 모든 미국인에게 우리가 기꺼이 손을 뻗으면 미래는 손에 닿는다는 점을 전합니다. 오늘 밤, 이탈리아 출신 이민자의 딸은 아버지가 사랑하게 된 새로운 땅의 (부)통령 출마자 지명을 받았습니다.… 미국인들은 동일한 규칙에 따라 살고 싶어합니다. 하지만 현 정부 하에서는 너무 많은 국민들에게 규정이 동일하지 않습니다. 개인이 내는 세금 몫은 매년 늘어나고, 대기업이 내는 몫은 점점 줄어들고 있는 것은 옳지 않습니다.… 젊은 부부가 50,000개의 핵탄두가 있는 세계에 아이를 낳을지 의문을 품는 일은 옳지 않습니다. 미국인들이 2세기 넘게 노력해 온 비전이 아닙니다.… 오늘 밤, 우리는 꿈을 되찾습니다. 우리는 다시 모든 미국인을 위한 미국적 삶의 규칙을 만들 겁니다.… 문제는 미국이 여성을 위해 무엇을 할 수 있는지가 아니라 여성이 미국을 위해 무엇을 할 수 있는지입니다.","{'question': '제랄딘 페라로의 부회장 지명과 가장 직접적으로 이어지는 일은 다음 중 무엇인가?', 'choices': ['미국 이민자의 동화 성공', '소수민족 시민권 투쟁', '여성의 경제적, 정치적 기회 증가', '정치 공천 과정의 민주화 증가'], 'answer': 3}",
generation-for-nlp-1092,"이 지문에 나타난 정보는 무엇인가? ""그러하면 각 주 의회로부터 즉각 냉정한 관심을 끌기 위해 이 규약을 진심으로 추천하도록 허락해 주십시오. 우리 공동의 자유를 유지하고 방어하기 위해 모든 평의회와 모든 힘을 하나로 묶어야 한다는 절대적 필요를 확신하면서, 수많은 주권과 독립적 공동체로 나누어진 대륙의 다양한 정서와 이해관계를 한 체계로 결합하는 것이 어렵다는 점을 느끼며 솔직하게 검토하도록 합시다. …."" 대륙 의회 저널, 1777","{'question': '연합규약(Articles of Confederation)에 따라 미국이 이룩한 가장 주목할만한 성과를 고르시오.', 'choices': ['국가 정부를 이끌 강력한 행정부 창설', '의회에 상업 규제 권한 부여', '의회에 세금 징수 권한 부여', '국가 전체에 이익이 될 북서부의 토지 판매 조항'], 'answer': 4}",
generation-for-nlp-1093,"하지만 전 우리 역사의 이 특별한 순간 시민의 자유가 중요함을 누구보다 더 잘 알고 있을 겁니다. 전국을 여행하고 사람들을 만나고 힘 없는 사람들에게 일어난 일들을 보니까요. 저는 시민의 자유를 지키기 위한 민주주의가 무엇을 의미하는지 깨닫습니다. 우리는 수년 동안 시민의 자유를 위해 싸워야 했습니다. 빛이 다소 어두워질 때마다 민주주의가 위험에 처한다는 점을 압니다. 현재 세계 전체의 혼란스러운 상황으로 다른 많은 나라에서는 시민의 자유가 사라졌습니다. 물론 전쟁 중에 언론의 자유, 표현의 자유, 집회의 자유를 지키는 것은 불가능합니다. 자동으로 사라집니다. 그래서 평소에는 안전했던 많은 나라에서 현재는 사라졌습니다. 다른 나라에서는 전쟁 발발 전부터 언론의 자유, 집회의 자유, 발언의 자유는 물론 종교의 자유도 사라졌습니다. 그래서 우리는 이 나라에 중대한 책임이 있다는 것을 알고 있습니다. 우리는 평화롭습니다. 우리에게는 전 세계 수많은 다른 민족을 지배하는 두려움이 있을 이유가 없습니다. 그러므로 우리는 민주주의의 자유를 지켜야 합니다.","{'question': '루즈벨트가 걱정한 시민의 자유에 대한 위협의 예는 다음 중 무엇인가?', 'choices': ['사회보장법', '일본계 미국인을 억류한 행정명령 9066호', 'G.I. 법', '베이비 붐'], 'answer': 2}",
generation-for-nlp-1094,"""우리나라와 본질상 구속력이 거의 없는 은행은 우리의 자유와 독립에 위험이 없습니까? 은행장은 대부분의 주립은행이 관용 덕택에 존재한다고 말했습니다. 은행의 영향력이 이같은 법안의 운영 하에서 그러하듯 외국 주주의 이익과 동일시되는 자체 선출 이사의 손에 집중된다면, 평시 선거의 순수성과 전쟁 중인 조국의 독립에 위기 원인이 되지 않을 겁니까? 은행의 힘은 휘두르기로 결정할 때마다 커질 겁니다. 그러나 이러한 독점이 자신들이 제안한 조건에 따라 15년, 20년마다 정기적으로 갱신된다면, 평시 선거에 영향을 미치거나 국가 문제를 통제하기 위해 힘을 휘두르는 일은 거의 없을 것입니다. 그러나 만약 어떤 민간인이나 공직자가 은행의 권한을 축소하거나 특권의 갱신을 막고자 개입한다면, 바로 은행의 영향력을 느끼게 될 것이라는 것은 의심할 여지가 없습니다."" 앤드류 잭슨 대통령, 미국 은행 거부권, 1832년 캐롤라인의 존 테일러는 1792년부터 1824년까지 재직한 버지니아 상원의원이었다. 그는 대규모 은행기관을 불신했으며 노예제를 일반적으로 옹호했다. 한때 ""...의회가 은행을 통합할 수 있다면 노예를 해방시킬 수 있다""고 한 말이 인용되었다. 테일러의 가장 적절한 분류를 고르시오.","{'question': '이 지문에 나타난 정보는 무엇인가?', 'choices': ['제퍼슨주의 민주당원', '잭슨주의 민주당원', '공화당원', '휘그당'], 'answer': 1}",
generation-for-nlp-1095,"1980년대는 혼란, 갈등, 변화 속에서 탄생했습니다. 지금은 우리의 관심과 가치가 도전받는 시간이자 지혜와 기술이 시험받는 시간입니다. 현재 이란에는 테러와 무정부의 무고한 희생자인 미국인 50명이 여전히 포로로 잡혀 있습니다. 또한 지금 이 순간에도 대규모 소련군이 독립심 강하고 신앙심 깊은 아프가니스탄 사람들을 정복하려는 중입니다. 국제 테러와 군사 공격이라는 두 행위는 미합중국을 포함한 세계 모든 국가에 심각한 도전입니다. 우리는 함께 평화에 대한 위협에 맞서 싸울 것입니다.…세 가지 근본적 사태 발전으로 인하여 우리가 해결해야 할 문제가 생겼습니다 경계를 넘어 지속적으로 성장하고 증가하는 소비에트 연방의 군사력 투사, 중동 석유 공급에 대한 서구 민주주의 국가의 압도적인 의존도, 이란 혁명으로 예시되는 많은 개발도상국의 사회적, 종교적, 경제적, 정치적 변화의 압력이 그것입니다. 각 요소는 그 자체로 중요합니다. 각 요소는 다른 요소에 영향을 줍니다. 모든 문제에 함께 공정하고 용기있게 맞서야 합니다. 함께 이 어려움에 맞서 최선을 다해 극복할 것입니다. 그리고 우리는 실패하지 않을 것입니다. —지미 카터(Jimmy Carter), 연두교서, 1980년 1월 23일","{'question': '다음 중 지미 카터가 이 글에서 논의한 조건의 근간은 무엇인가?', 'choices': ['테러 전쟁', '높은 실업률', '중국과의 긴장', '높은 예산 적자'], 'answer': 1}",
generation-for-nlp-1096,". . . 각 지역의 모든 사람을 통솔하는 지휘관에게 주어지는 권력은 절대군주의 권력이다. 그의 단순한 의지는 모든 법을 대신한다. . . . 이는 10개 주의 전 인구, 즉 모든 피부색, 성별, 조건의 모든 사람과 그 경계 내 모든 이방인을 가장 비참하고 굴욕적인 노예로 전락시킨다.","{'question': '다음 중 위 거부권 메시지의 정치적 정서와 가장 유사한 20세기의 정치적 입장은?', 'choices': ['1944년 대법원 사건 고레마츠 대 미국에서 프랭크 머피 판사의 반대 의견', '1954년 육군-매카시 청문회에서 미 육군 변호사 조셉 웰시가 상원의원 조셉 매카시에게 반대', '1957년 리틀록 위기를 해결하고자 드와이트 아이젠하워 대통령이 취한 조치에 대한 오르발 포버스 주지사의 반응', '1965년 존 루이스의 투표권법 지지'], 'answer': 3}",
generation-for-nlp-1097,"""우리나라와 본질상 구속력이 거의 없는 은행은 우리의 자유와 독립에 위험이 없습니까? 은행장은 대부분의 주립은행이 관용 덕택에 존재한다고 말했습니다. 은행의 영향력이 이같은 법안의 운영 하에서 그러하듯 외국 주주의 이익과 동일시되는 자체 선출 이사의 손에 집중된다면, 평시 선거의 순수성과 전쟁 중인 조국의 독립에 위기 원인이 되지 않을 겁니까? 은행의 힘은 휘두르기로 결정할 때마다 커질 겁니다. 그러나 이러한 독점이 자신들이 제안한 조건에 따라 15년, 20년마다 정기적으로 갱신된다면, 평시 선거에 영향을 미치거나 국가 문제를 통제하기 위해 힘을 휘두르는 일은 거의 없을 것입니다. 그러나 만약 어떤 민간인이나 공직자가 은행의 권한을 축소하거나 특권의 갱신을 막고자 개입한다면, 바로 은행의 영향력을 느끼게 될 것이라는 것은 의심할 여지가 없습니다."" 앤드류 잭슨 대통령, 미국 은행 거부권, 1832년","{'question': '다음 중 미국 제2은행 형성에 가장 직접적으로 영향을 미친 사건은?', 'choices': ['정금 순환(Specie Circular)의 실패', '1812년 전쟁 이후 통화 및 연방 부채 미규제', '국가 경제 안정을 위한 알렉산더 해밀턴의 노력', '제퍼슨 정권의 극단적 예산 삭감에 대한 연방주의자의 대응 행동'], 'answer': 2}",
generation-for-nlp-1098,"""반대파는 우리가 국민의 동의 없이 통치해서는 안 된다고 말한다. 나는 대답한다. 모든 정당한 정부의 권위는 피통치자의 동의로부터 나온다는 자유의 법칙은 자치력이 있는 자들에게만 적용된다. 우리는 인디언의 동의 없이 통치하고, 동의 없이 우리 영토를 통치하며, 동의 없이 우리 아이들을 통치한다. 우리 정부가 인디언의 동의를 얻지 못할 것이라는 것을 어떻게 알 수 있는가? 우리는 필리핀 국민을 잔인하고 피비린내 나는 약탈과 강탈의 통치에서 구해냈고, 우리 공화국의 정의롭고 인간적이며 문명화된 정부를 선호하지 않을까? 그리고 계몽되고 자치 가능한 자만을 위한 언어의 공식에도 불구하고, 우리는 세상에 대한 의무가 없는가? 우리는 악취나는 손에서 이 민족들을 구하였다. 다시 그 손에 되돌려 놓을 수 있는가? 독일, 영국, 일본이 호시탐탐 노리는 와중, 그들을 버려야 하는가? 우리는 이런 나라로부터 구하여 비극의 자치권을 줄 것인가?... 그렇다면, 어린아이가 아닌 어른처럼 우리의 임무, 사명, 운명에 전념하자."" 앨버트 J. 비버리지, ""국기의 행진”, 1898년","{'question': '미국이 필리핀에 정치적으로 개입하게 된 군사적 충돌은?', 'choices': ['멕시코-미국 전쟁', '제2차 세계대전', '스페인-미국 전쟁', '복서 반란'], 'answer': 3}",
generation-for-nlp-1100,"우리가 어린 시절 미국은 세계에서 가장 부강한 나라였다. 원자폭탄을 보유한 유일한 나라, 현대 전쟁의 피해가 가장 적은 나라, 서구의 영향력을 전 세계에 분산할 것이라 생각했던 UN의 창설국이었다. 개인을 위한, 국민에 의하고 국민을 위한 정부의 자유와 평등은 우리가 선하다고 생각하는 미국의 가치이자 우리가 인간으로 살아갈 수 있는 원칙이다. 우리 중 많은 이가 안일함 속에서 성숙하기 시작했다.
그러나 우리가 성장하며 무시할 수 없을 만큼 괴로운 사건들이 우리의 편안함을 침범했다. 첫째, 인종 편견에 맞서는 남부의 투쟁으로 상징되는 인간 타락의 침투적이고 피해를 입히는 사실로 인해 침묵하던 우리 대부분이 행동을 취했다. 둘째, 폭탄의 존재로 상징되는 냉전이라는 임박한 사실로 인해, 우리와 친구, 그리고 우리가 보다 직접적으로 알고 있는 수백만 명의 추상적인 '타인'이 공동의 위협 때문에 언제든지 죽을 수 있다는 인식이 생겼다.","{'question': '1960년대 남은 기간 동안 포트 휴런 성명을 발표한 조직의 성장을 가장 잘 이해할 수 있는 맥락은 다음 중 무엇인가?', 'choices': ['급속한 산업화, 도시 성장과 혼잡, 기업 통합', '베이비 붐, 경제 성장, 고등 교육의 급속한 확장', '경제 양극화, 공급측 경제정책, 중산층 소멸', '개인용 컴퓨터 기술 확산, 기독교 근본주의 부상, 학생의 무관심 증가'], 'answer': 2}",
generation-for-nlp-1101,"나는 어떤 백인에게라도 이렇게 말하겠다. 그가 배고픈 채로 로건의 오두막에 들어갔는데 로건이 고기를 주지 않았다면? 차갑고 벌거벗은 그에게 로건이 옷을 주지 않았다면? 길고 피비린내 나는 마지막 전쟁이 진행되는 동안 로건은 평화를 옹호하며 자기 오두막에서 한가롭게 지냈다. 백인에 대한 나의 사랑이 그러했기에 우리 동포들은 지나가며 로건을 가리키며 ""로건은 백인의 친구""라고 말했다. 나는 그대들과 더불어 살리라 생각한 적도 있었으나 단 한 남자가 입힌 상해 때문에 그만두었다. 지난 봄, 냉혈하며 도발당하지 않은 크레삽 대령은 로건의 모든 친척은 물론 나의 아내와 아이도 살해했다. 어떤 생명체의 혈관에도 내 피 한 방울이 흐르지 않는다. 나는 복수를 다짐했다. 방법을 찾았다. 나는 많은 사람을 죽였다. 나는 복수심을 철저히 과시했다. 나는 조국을 위한 평화의 빛을 기뻐한다. 그러나 이 감정이 두려움의 기쁨이라는 생각은 품지 않는다. 로건은 두려움을 느낀 적 없다. 그는 자기 목숨을 아끼고자 배신하지 않을 것이다. 로건을 애도할 자 있는가? 아무도 없다.—인디언 지도자 로건의 연설, 1774년","{'question': '다음 중 이후 로건의 입장에 놓이게 될 가능성이 가장 높은 사람은?', 'choices': ['1930년대 큰 정부 반대자', '1950년대 소비주의 반대자', '1960년대 자유주의 지지자', '1970년대 페미니즘 지지자'], 'answer': 1}",
generation-for-nlp-1102,"""나는 고통받는 인류에 대한 강력한 주장을 하러 왔다. 나는 매사추세츠주 의회에 비참하고 버림받고 소외된 사람들의 상황을 이야기하러 왔다. 나는 무기력하고, 잊혀지고, 미쳤고, 멍청한 남자와 여자를 옹호하기 위해 왔다. 아주 무관심한 사람도 진정한 공포에 빠질 상태인 존재, 우리 감옥의 가련한 존재, 빈민구호소의 더욱 가련한 존재 이야기를 하서 왔다. . . . ""내 사진이 불쾌하고, 날것이고, 심하다면, 기억하시라. 평온하지도, 세련되지도, 구성적인 특징도 없다. 타락과 비참함이라는 극한의 상태에 처한 인간의 모습은 유한 언어로 표현될 수도 없고 세련된 페이지를 장식할 수도 없다. ""신사 여러분, 우리, 벽장, 지하실, 가판대, 철창 등 영연방 내에 갇혀 있는 광인들의 현재 상태가 어떤지 간단히 주목해 주셨으면 한다! 사슬에 묶이고, 발가벗겨지고, 막대로 맞고, 채찍질을 당하여 복종하고 있다!"" —도로테아 딕스(Dorothea Dix), ""매사추세츠주 의회 기록"" (1843)","{'question': '도로테아 딕스의 연구와 증언을 가장 잘 이해할 수 있는 맥락은?', 'choices': ['많은 주에서 여성들이 투표권을 얻고 있다.', '경제 침체로 많은 국가 기관이 폐쇄되었다.', '연방정부와 건강 및 빈곤 문제 간의 관계가 발전한다.', '종교 및 세속 개혁 촉진을 위한 자원봉사 단체가 등장한다.'], 'answer': 4}",
generation-for-nlp-1103,"이제 우리는 사회를 조직했고, ""모든 사람은 왕""이라는 모토를 가진 사회를 ""부를 공유하는 사회""라고 부릅니다. 우리는 국내 거물의 부를 제한할 것을 제안합니다. 미국 모든 가족은 평균 15,000달러의 부가 있습니다. 오늘 현재의 상황입니다. 우리는 균등하게 나누는 것을 제안하지는 않습니다. 부의 분배를 제안하지는 않지만, 모든 가족에게 가해지는 빈곤을 제한할 것을 제안합니다. 평등을 보장하려고 노력하리라고는 말하지 않을 것입니다... 하지만 평균의 3분의 1은 한 가족에게는 너무 낮으며, 일가족에 약 5,000달러의 부를 보장해야 한다고 주장합니다. 이는 주택, 자동차, 라디오, 일상 편의시설, 자녀를 교육할 기회로는 충분합니다.… 우리는 재산을 제한할 것입니다. 현재 계획은 어떤 사람도 $50,000,000 초과 소유를 허용하지 않는 겁니다. 그 한도 내에서 프로그램의 균형을 이룰 수 있다고 생각합니다. —루이지애나주 상원의원 휴이 P. 롱, 라디오 연설, 1934년 2월 23일 롱 상원의원의 ""부를 공유하는 사회""는 1934년에 많은 추종자를 끌어모았다.","{'question': '이 지문에 나타난 정보는 무엇인가?', 'choices': ['뉴딜 정책은 대공황을 종식하지 못했다.', '경제 번영과 베이비 붐으로 사람들은 더 많은 소득을 원하게 되었다.', '제2차 세계대전은 평등주의 기풍을 장려했다.', '미국에서 사회주의 사상이 인기를 얻었다.'], 'answer': 1}",
generation-for-nlp-1104,"아프리카에서 미국으로 끌려옴에 대하여 '자비가 나를 나의 이교도 땅에서 데려왔으며 내 미련한 영혼에게 이해하는 법을 가르쳐 주었고 신이 있고 구원자도 있음을 알려주었다. 한때 나는 구원을 구하지도 알지도 못했다. 어떤 이는 우리 흑담비 종족을 경멸하는 눈으로 바라보며 말하길 ""그들의 색깔은 악마의 주사위다."" 기억하길, 기독교도, 흑인도, 카인처럼 검은 자도, 회개하여 천사의 열차에 합류할 수 있다. —필리스 휘틀리(Phillis Wheatley), 다양한 주제, 종교, 도덕에 관한 시, 1773년","{'question': '휘틀리의 시에 표현된 감정에서 가장 직접적으로 반영하는 미국 역사의 연속성은?', 'choices': ['종교의 자유에 대한 논쟁', '사회 정의에 대한 논쟁', '이민에 대한 논쟁', '표현의 자유에 대한 논쟁'], 'answer': 2}",
generation-for-nlp-1105,"""그러므로 이 나라에서 태어나 귀화한 자유 유색인이 미국 시민이 아니며 여러 주 시민의 모든 권리, 특권, 면제를 정당하게 누릴 자격 여부, 미국 헌법이 자유 거주민의 피부색이나 상태와 관련하여 불리한 차별을 만들거나 허가하는지 여부에 대한 문제는 신속하게 해결되어야 한다. ""나는 이 주제에 의심의 여지가 전혀 없다. 나는 자유 유색인의 권리는 미국 대법원에서 입증되고, 획득되기만 하면 된다고 믿는다. 어떠한 편견이나 궤변도 . . . 대법원의 승인을 막을 수 없다고 믿는다. . . 또한 귀하의 상태에 영향을 미치는 현행법은 명백히 위헌이라고 믿는다. 귀하가 공통의 동의와 관습에 따라 이방인과 짐승처럼 대우받았다는 사실은 그러한 대우가 합법적이라는 증거가 아니라, 단지 편견의 강함, 쓰라림, 맹목성을 보여줄 뿐이다."" —윌리엄 로이드 개리슨(William Lloyd Garrison), ""미국 자유 유색인종에게"", 더 리버레이터, 1831년 1월 15일","{'question': '윌리엄 로이드 개리슨이 이 구절에서 옹호하는 개혁이 이후 제정된 결과를 고르시오.', 'choices': ['노예해방 선언문 발행(1863)', '1867년 재건법 통과', '수정헌법 제14조 비준(1868)', '1875년 민권법 통과'], 'answer': 3}",
generation-for-nlp-1107,"""우리는 공교육 분야에서 '분리하되 평등'이라는 원칙이 설 자리가 없다는 결론을 내렸다. 분리된 교육시설은 본질적으로 불평등하다. 따라서 우리는 이로 인해 소송을 제기한 원고 및 기타 유사한 상황에 처한 사람들은 분리로 인해 수정헌법 제14조로 보장된 법률의 동등한 보호를 받지 못한다고 판단한다."" 브라운(Brown) 대 교육위원회, 1954년","{'question': '다음 중 시민권 운동에서 영감을 받지 않은 사회 운동을 고르시오.', 'choices': ['여성의 권리', '게이와 레즈비언의 권리', '국가의 권리', '아메리카 원주민의 권리'], 'answer': 3}",
generation-for-nlp-1108,"우리 선조들 덕택에 우리나라는 산업혁명의 첫 물결, 현대 발명의 첫 물결, 원자력의 첫 물결을 겪었고, 이번 세대는 다가오는 우주 시대의 역류에 허우적거리지 않을 것입니다. 우리는 그 일부가 되고, 이끌 것입니다. 이제 세상의 눈은 우주, 달, 그 너머 행성을 바라보고 있으며, 우리는 우리나라가 적대적인 정복의 깃발이 아니라 자유와 평화의 깃발로 통치받는 모습을 보게 되리라고 맹세했기 때문입니다. 우리는 대량살상무기가 아닌 지식과 이해의 도구로 가득한 우주를 보게 될 것이라 맹세했습니다.… 우리는 달에 갈 것입니다. 우리는 이번 10년 안에 달에 가서 다른 일을 할 것입니다. 쉽기 때문이 아니라 어렵기 때문이며, 그 목표는 우리가 가진 최고의 에너지와 기술을 조직하고 측정할 것이기 때문이며, 이 도전은 우리가 기꺼이 받아들이는 것이자, 연기할 수 없는 것이자, 쟁취하려는 것이자, 나머지도 마찬가지기 때문입니다.","{'question': '이 구절에서 존 F. 케네디가 미국인에게 따를 것을 촉구하는 것은 무엇인가?', 'choices': ['개척자', '진보적 개혁가', '업계의 대표', '그린베레'], 'answer': 1}",
generation-for-nlp-1109,"""나는 고통받는 인류에 대한 강력한 주장을 하러 왔다. 나는 매사추세츠주 의회에 비참하고 버림받고 소외된 사람들의 상황을 이야기하러 왔다. 나는 무기력하고, 잊혀지고, 미쳤고, 멍청한 남자와 여자를 옹호하기 위해 왔다. 아주 무관심한 사람도 진정한 공포에 빠질 상태인 존재, 우리 감옥의 가련한 존재, 빈민구호소의 더욱 가련한 존재 이야기를 하서 왔다. . . . ""내 사진이 불쾌하고, 날것이고, 심하다면, 기억하시라. 평온하지도, 세련되지도, 구성적인 특징도 없다. 타락과 비참함이라는 극한의 상태에 처한 인간의 모습은 유한 언어로 표현될 수도 없고 세련된 페이지를 장식할 수도 없다. ""신사 여러분, 우리, 벽장, 지하실, 가판대, 철창 등 영연방 내에 갇혀 있는 광인들의 현재 상태가 어떤지 간단히 주목해 주셨으면 한다! 사슬에 묶이고, 발가벗겨지고, 막대로 맞고, 채찍질을 당하여 복종하고 있다!"" —도로테아 딕스(Dorothea Dix), ""매사추세츠주 의회 기록"" (1843)","{'question': '매사추세츠주 의회에서 도로테아 딕스의 증언이 반영하는 것은 다음 중 무엇인가?', 'choices': ['사회 다윈주의', '제2차 대각성운동', '2세대 페미니즘', '기독교 과학 운동'], 'answer': 2}",
generation-for-nlp-1110,"""우리가 어린 시절 미국은 세계에서 가장 부강한 나라였다. 원자폭탄을 보유한 유일한 나라, 현대 전쟁의 피해가 가장 적은 나라, 서구의 영향력을 전 세계에 분산할 것이라 생각했던 UN의 창설국이었다. 개인을 위한, 국민에 의하고 국민을 위한 정부의 자유와 평등은 우리가 선하다고 생각하는 미국의 가치이자 우리가 인간으로 살아갈 수 있는 원칙이다. 우리 중 많은 이가 안일함 속에서 성숙하기 시작했다.
""그러나 우리가 성장하며 무시할 수 없을 만큼 괴로운 사건들이 우리의 편안함을 침범했다. 첫째, 인종 편견에 맞서는 남부의 투쟁으로 상징되는 인간 타락의 침투적이고 피해를 입히는 사실로 인해 침묵하던 우리 대부분이 행동을 취했다. 둘째, 폭탄의 존재로 상징되는 냉전이라는 임박한 사실로 인해, 우리와 친구, 그리고 우리가 보다 직접적으로 알고 있는 수백만 명의 추상적인 '타인'이 공동의 위협 때문에 언제든지 죽을 수 있다는 인식이 생겼다. . . ."" —1962년 포트 휴런 성명","{'question': '위 발췌한 포트 휴런 성명은 다음 중 어떤 운동을 가장 명확하게 나타내는 중요한 문서로 볼 수 있는가?', 'choices': ['노동조합운동', '시민권 운동', '새로운 권리', '신좌파'], 'answer': 4}",
generation-for-nlp-1112,"""그러므로 이 나라에서 태어나 귀화한 자유 유색인이 미국 시민이 아니며 여러 주 시민의 모든 권리, 특권, 면제를 정당하게 누릴 자격 여부, 미국 헌법이 자유 거주민의 피부색이나 상태와 관련하여 불리한 차별을 만들거나 허가하는지 여부에 대한 문제는 신속하게 해결되어야 한다. ""나는 이 주제에 의심의 여지가 전혀 없다. 나는 자유 유색인의 권리는 미국 대법원에서 입증되고, 획득되기만 하면 된다고 믿는다. 어떠한 편견이나 궤변도 . . . 대법원의 승인을 막을 수 없다고 믿는다. . . 또한 귀하의 상태에 영향을 미치는 현행법은 명백히 위헌이라고 믿는다. 귀하가 공통의 동의와 관습에 따라 이방인과 짐승처럼 대우받았다는 사실은 그러한 대우가 합법적이라는 증거가 아니라, 단지 편견의 강함, 쓰라림, 맹목성을 보여줄 뿐이다."" —윌리엄 로이드 개리슨(William Lloyd Garrison), ""미국 자유 유색인종에게"", 더 리버레이터, 1831년 1월 15일","{'question': '이 구절에서 윌리엄 로이드 개리슨이 제시한 주장과 모순된 대법원 판결은 다음 중 무엇인가?', 'choices': ['드레드 스콧 대 샌포드(Dred Scott v. Sanford)(1857)', '일방 밀리건(Milligan)(1866)', '플레시(Plessy) v. 퍼거슨(Ferguson)(1896)', '브라운(Brown) v. 토페카 교육위원회(1954)'], 'answer': 1}",
generation-for-nlp-1113,"""우리 사안이 급속히 위기에 빠져들고 있다는 귀하의 감정에 동의한다. 무슨 사건이 일어날지는 내 예측 범위를 넘어서는 일이기도 하다. 우리는 오류를 수정해야 한다. 우리는 연합을 결성하는 과정에서 인간 본성이 선하리라 지나치게 짐작한 듯하다. 경험을 통해 우리는 인간이 강압적인 권력 개입 없이는 자기 이익을 위해 최선으로 계산한 조치를 채택하고 실행하지 않는다는 점을 배웠다. 나는 주 정부 권한이 여러 주에 펼쳐진 것과 같은 강력한 방식으로 연방 전체를 지배할 권력이 어딘가 자리잡지 않고는 우리가 하나의 국가로서 오랫동안 존재하리라 생각하지 않는다. . . . ""몇 년 후 얼마나 놀라운 변화가 일어날 수 있을까. 존경스러운 인물조차 공포 없는 군주정 형태를 이야기한다는 말을 들었다. . . . 우리 적들이 스스로의 예측을 검증한 것은 참으로 큰 승리다! 우리는 자치가 불가능하며 평등한 자유를 기반삼아 설립한 시스템은 이상과 오류덩어리에 불과하다는 사실을 발견하다니, 전제주의 옹호자들의 참으로 큰 승리다. . . ."" —조지 워싱턴(George Washington), 존 제이에게 보낸 편지, 1786년 8월 1일","{'question': '위 조지 워싱턴의 편지에 담긴 감정에 반영된 미국 역사의 연속성은 다음 중 무엇인가?', 'choices': ['자유와 질서 사이 적절한 균형에 대한 논쟁.', '공화제와 노예제의 조화에 대한 논쟁.', '정부의 삼권분립 관계에 대한 토론.', '국내 소요를 진압하기 위한 군대 활용에 대한 논쟁.'], 'answer': 1}",
generation-for-nlp-1114,"이 지문에 나타난 정보는 무엇입니까? 1801년 3월 4일 피트와 보나파르트 사이의 동등한 위치를 주장하기 위해 국회의사당 계단에 오른 자의 성격은 행동으로 드러났으나, 인격과 태도는 동시대 사람만이 알 수 있으며, 가장 생생한 묘사조차도 개인적인 접촉의 순간보다 가치가 없다. 제퍼슨은 키가 6피트 2.5인치로 아주 컸다. 피부는 노란기와 붉은기가 섞인 따스한 밝은색이었고, 수줍음이 많고, 차가워 보이며, 태도가 어색하고, 명령을 암시하는 모습을 거의 보이지 않는다… 피부는 얇았고, 햇빛에 노출되어 살갗이 벗겨져 너덜해 보였다. 따스한 밝은색 얼굴, 적갈색 눈과 밝은 면이 있는, 느슨하면서도 구속하는 인물이다. 이 장황하고 뛰어난 면이 많은 대화는 미국 역사에 지배적인 영향력을 미친 인물의 것이었으며 진실만을 숨긴 공식 신문의 4분의 3보다 이야기에 더 필요했다. 8년 동안 제퍼슨의 성격은 정부 그 자체인 것처럼 보였고, 과정은 다르지만 보나파르트처럼 국민의 마음에 깊은 인상을 남겼다. 소박한 워싱턴 마을에서 왕 이상의 존재였다. 정치적으로나 사회적으로나 탁월한 위치에 있었기 때문이다. 영국 공사관을 제외한 워싱턴의 어떤 집도 일반 사회에 개방적이지 않았다. 모든 정치인, 심지어 연방주의자도 재미를 위해 제퍼슨과 ""궁전""에 의존했고, 그곳에 가기를 거부하면 ""곰처럼 잔인하고 멍청하게 살았다."" —헨리 애덤스, 토머스 제퍼슨 행정부 시절 미국 역사, 1889년","{'question': '존 애덤스 대통령의 증손자인 역사가 헨리 애덤스는 어땠을 것이라 예상되는가?', 'choices': ['토머스 제퍼슨의 정책에 비판적', '토머스 제퍼슨의 정책을 지지', '필라델피아 제헌회의에 비판적', '프렌치 인디언 전쟁에 더 관심이 있음'], 'answer': 1}",
generation-for-nlp-1115,"""우리 기관을 거의 모르는 모든 사람에 의해 일반 정부와 주 정부 사이에 주권이 위임 및 분리되고 주 정부가 일반 정부와 동일한 임기로 그 몫을 보유함을 인정해야 한다면, 국가의 자신의 권력 위반을 결정할 권리와 시정 목적으로 적용할 적절한 구제책을 부정하는 것은 불가능해 보인다. 그러한 경우 재판권은 주권의 본질적인 속성이며, 국가는 주권 자체를 상실하고 종속적인 법적 집합체 상태로 전락하여야만 재판권을 박탈당할 수 있다. 사실, 권력을 분할하고 각 당사자에게 할당된 부분에 대한 배타적 판단권을 당사자 하나에게 부여하는 것은 사실 권력을 전혀 분할하지 않는 것이다. 그리고 그러한 배타적 권리를 일반 정부에 유보한다는 것은(어떤 부가 행사하느냐는 중요하지 않다) 사실상 무한한 권한을 지닌 거대한 통합 정부로 전환하는 것이며 실제로는 국가의 권한을 박탈하는 것이다. 조건의 힘을 이해하고 그리 명백한 결론을 부정하는 것은 불가능하다."" —존 C. 칼훈(John C. Calhoun), ""사우스 캐롤라이나 박람회 및 항의"", 1828년","{'question': '칼훈이 ""폭로와 항의""에서 사용한 \'항의\'의 언어는 다음 정치적 입장 중 어느 언어와 유사한가?', 'choices': ['1824년 ""부패한 거래""에 대한 앤드류 잭슨 지지자의 반응', '1812년 전쟁에 대한 뉴잉글랜드 연방주의자의 반응', '""바르바리 해적""의 행동에 대한 제퍼슨 행정부의 반응', '1780년대 매사추세츠 의회 재정 정책에 대한 다니엘 셰이스의 반응'], 'answer': 2}",
generation-for-nlp-1119,"""우리 기관을 거의 모르는 모든 사람에 의해 일반 정부와 주 정부 사이에 주권이 위임 및 분리되고 주 정부가 일반 정부와 동일한 임기로 그 몫을 보유함을 인정해야 한다면, 국가의 자신의 권력 위반을 결정할 권리와 시정 목적으로 적용할 적절한 구제책을 부정하는 것은 불가능해 보인다. 그러한 경우 재판권은 주권의 본질적인 속성이며, 국가는 주권 자체를 상실하고 종속적인 법적 집합체 상태로 전락하여야만 재판권을 박탈당할 수 있다. 사실, 권력을 분할하고 각 당사자에게 할당된 부분에 대한 배타적 판단권을 당사자 하나에게 부여하는 것은 사실 권력을 전혀 분할하지 않는 것이다. 그리고 그러한 배타적 권리를 일반 정부에 유보한다는 것은(어떤 부가 행사하느냐는 중요하지 않다) 사실상 무한한 권한을 지닌 거대한 통합 정부로 전환하는 것이며 실제로는 국가의 권한을 박탈하는 것이다. 조건의 힘을 이해하고 그리 명백한 결론을 부정하는 것은 불가능하다."" —존 C. 칼훈(John C. Calhoun), ""사우스 캐롤라이나 박람회 및 항의"", 1828년","{'question': '상기 발췌한 구절을 촉발한 문제는 무엇인가?', 'choices': ['남부에서 아메리카 인디언 제거.', '미국 제2은행 재등록.', '더 높은 관세율을 부과하는 법안 통과.', '""내부 개선"" 자금 지원.'], 'answer': 3}",
generation-for-nlp-1120,"우리는 25년 넘게 두 거대 정당이 권력을 얻고 빼앗으려 드는 동안 고통받는 자들에게 심각한 악행이 가해지는 것을 목격해 왔습니다. 우리는 두 정당을 지배하는 통제적 영향력으로 인해, 이들을 막거나 제지하려는 진지한 노력 없이 기존의 끔찍한 상황이 악화되었음을 비난합니다. 두 정당은 이제 우리에게 진정한 개혁을 전혀 약속하지도 않습니다. 다가오는 유세에서 모든 문제를 무시하기로 상호 동의했으나, 한 가지는 예외입니다. 두 정당은 관세를 둘러싼 가짜 싸움의 소동으로 약탈당한 이들의 부르짖음을 잠재울 것을 제안합니다. 그리하여 자본가, 기업, 국립은행, 불법 집단, 신탁, 실제 가치보다 부풀려진 주식, 은 화폐화 폐지, 고리대금업자 탄압이 모두 눈을 씻고도 찾아볼 수 없도록 말입니다. 두 정당은 우리의 집과, 삶과, 아이들을 우상의 제단에 희생하겠다고 제안합니다. 백만장자로부터 부패 자금을 확보하기 위해 다수를 파괴하자는 겁니다. ""건국기념일을 맞아 모여, 독립을 이룩한 대장군과 추장의 기상으로 가득한 우리는, 공화국 정부를 다시 그 근원 계급인 ‘평범한 국민’의 손에 맡기고자 합니다. 우리의 목적은 헌법의 목적과 동일하다고 주장합니다. 더욱 완벽한 연방을 만들고, 정의를 확립하며, 국내의 평온을 보장하고, 공동 방어를 제공하고, 일반 복지를 증진하며, 우리와 후손을 위한 자유의 축복을 확보하는 것입니다.""","{'question': '1896년의 ""은화자유주조"" 운동이 많은 지지를 받은 계층을 고르시오.', 'choices': ['기존 은행제도에서 차별받은 뉴잉글랜드 사업가들', '경제적 평등을 위한 더 큰 운동에 이를 포함한 남부 여성', '투자할 지폐가 부족한 은행가', '화폐 증발로 빚 부담이 줄어들기를 바랐던 농민'], 'answer': 4}",
generation-for-nlp-1122,"그들은 우리에게 이 새로운 소유물의 통치 방법을 묻습니다. 저는 대답하겠습니다. 현지 조건과 사례의 필요성에 따라 정부의 방식이 성장한다고요. 영국이 외국 땅을 통치할 수 있다면 미국도 할 수 있습니다. 독일이 외국 땅을 통치할 수 있다면 미국도 할 수 있습니다. 그들이 보호령을 감독할 수 있다면 미국도 할 수 있습니다. 뉴멕시코나 캘리포니아에 비해 하와이를 관리하는 것이 더 어려운 이유가 무엇입니까? 둘 다 야만인과 외국 인구가 있습니다. 둘 다 우리의 지배하에 들어왔을 때 오늘날 필리핀보다 정부 위치에서 더 멀리 떨어져 있었습니다. 미국의 통치력이 쇠퇴했다고 투표로 말하실 겁니까? 한 세기 동안의 자치 경험이 결과적으로 실패했다고? 미국의 힘과 현실 감각을 믿지 못한다고 투표로 확인하시렵니까? 아니면 우리의 힘이 정부의 피라고, 지배의 심장이라고, 행정의 두뇌이자 천재라고 말하실 겁니까? 우리는 그저 조상들이 했던 일, 다시 말해 우리는 서쪽으로, 남쪽으로 더 멀리 자유의 장막을 칠 뿐임을, 그저 국기의 진군을 계속할 뿐임을 기억하시겠습니까? —앨버트 비버리지(Albert Beveridge) 저 ""국기의 행진"" 인디애나폴리스 1898년 9월 16일","{'question': '비버리지(Beveridge)의 연설은 다음 중 무엇에 대한 반응이었는가?', 'choices': ['알래스카 매입', '멕시코 전쟁', '스페인-미국 전쟁', '제1차 세계대전'], 'answer': 3}",
generation-for-nlp-1123,"1980년대는 혼란, 갈등, 변화 속에서 탄생했습니다. 지금은 우리의 관심과 가치가 도전받는 시간이자 지혜와 기술이 시험받는 시간입니다. 현재 이란에는 테러와 무정부의 무고한 희생자인 미국인 50명이 여전히 포로로 잡혀 있습니다. 또한 지금 이 순간에도 대규모 소련군이 독립심 강하고 신앙심 깊은 아프가니스탄 사람들을 정복하려는 중입니다. 국제 테러와 군사 공격이라는 두 행위는 미합중국을 포함한 세계 모든 국가에 심각한 도전입니다. 우리는 함께 평화에 대한 위협에 맞서 싸울 것입니다.… 세 가지 근본적 사태 발전으로 인하여 우리가 해결해야 할 문제가 생겼습니다 경계를 넘어 지속적으로 성장하고 증가하는 소비에트 연방의 군사력 투사, 중동 석유 공급에 대한 서구 민주주의 국가의 압도적인 의존도, 이란 혁명으로 예시되는 많은 개발도상국의 사회적, 종교적, 경제적, 정치적 변화의 압력이 그것입니다. 각 요소는 그 자체로 중요합니다. 각 요소는 다른 요소에 영향을 줍니다. 모든 문제에 함께 공정하고 용기있게 맞서야 합니다. 함께 이 어려움에 맞서 최선을 다해 극복할 것입니다. 그리고 우리는 실패하지 않을 것입니다. —지미 카터(Jimmy Carter), 연두교서, 1980년 1월 23일","{'question': '1980년에 카터가 직면한 문제는 다음 중 어떤 상황과 가장 필적하는가?', 'choices': ['1860년대 에이브러햄 링컨(Abraham Lincoln)', '1900년대 시어도어 루즈벨트(Theodore Roosevelt)', '1920년대 워렌 하딩(Warren Harding)', '1930년대 프랭클린 D. 루즈벨트(Franklin D. Roosevelt)'], 'answer': 4}",
generation-for-nlp-1124,"""헌법을 경건한 존경심을 가지고 바라보며 차마 만질 수 없을 만큼 신성한 언약궤처럼 여기는 자들이 있습니다. 이런 사람들은 이전 시대 사람들에게 인간 이상의 지혜가 있었다고 여기며 이들이 한 일이 수정할 수 없는 것이라고 생각합니다… 하지만 저는 법과 제도가 인간 정신의 진보와 보조를 맞추어야 함도 압니다. 인간 정신이 더욱 발전하고, 더욱 계몽되고, 새로운 발견이 이루어지고, 새로운 진실이 밝혀지고, 환경이 변하며 방식과 의견도 변한다면 제도도 발전하여 시대에 보조를 맞춰야 합니다."" 토머스 제퍼슨(Thomas Jefferson), 1816년","{'question': '다음 헌법 개정안 중 위에 표현된 정서를 가장 직접적으로 드러내는 예시는 무엇인가?', 'choices': ['표현의 자유를 보장한 수정헌법 제1조', '연방정부에 부여되지 않은 권한을 주에 부여하는 것을 허용하는 수정헌법 제10조', '모든 여성에게 투표권을 보장한 수정헌법 제19조', '금주법을 폐지한 수정헌법 제21조'], 'answer': 4}",
generation-for-nlp-1126,"""내년 3월 4일 이 정당[공화당]이 정부를 장악할 것입니다. 남부는 공동 영토에서 제외되어야 하며, 사법재판소는 분할되어야 하며, 노예제가 미국 전역에서 끝날 때까지 노예제에 맞서 전쟁을 벌여야 한다고 발표했습니다. 그러면 헌법의 보장은 더 이상 존재하지 않으며 주의 평등권은 상실될 겁니다. 노예를 소유한 주는 더는 자치권이나 자기보호권을 갖지 못하게 될 것이며, 연방 정부는 적이 될 것입니다. ""따라서 우리 사우스캐롤라이나 주민들은 대회에 모인 대표를 통해 지금까지 이 주와 북아메리카의 다른 주 사이에 존재했던 연방이 해체되었으며 사우스캐롤라이나가 다시 국가 지위를 되찾아 세계 국가 간에 별도의 독립국으로서 전쟁을 일으키고, 평화 협정을 맺고, 동맹을 맺고, 상업을 확립하고, 독립국이 정당히 행할 수 있는 기타 모든 행위와 사안을 행사할 전권을 가지고 있음을 엄숙히 선언합니다."" 사우스캐롤라이나 분리독립 원인 정의, 1860년","{'question': '다음 중 사우스캐롤라이나가 1860년 연방 탈퇴를 결정한 이유를 가장 잘 설명하는 것은 무엇입니까?', 'choices': ['1850년 타협 실패로 사우스캐롤라이나와 서부 주와의 무역 관계가 저해되어 심각한 경제 불황을 초래했다.', '찰스턴에서 섬터 요새 전투가 발생하여 대중이 연방 침략에 분노하였다.', '링컨 대통령이 노예해방 선언문에 서명하여 남부의 노예제를 약화시켰다.', '자유토지 공약을 바탕으로 링컨이 당선되자 남부 정치인들은 분리독립이 필요하다는 결론을 내렸다.'], 'answer': 4}",
generation-for-nlp-1127,"이 지문에 나타난 정보는 무엇인가? 그들은 우리에게 이 새로운 소유물의 통치 방법을 묻습니다. 저는 대답하겠습니다. 현지 조건과 사례의 필요성에 따라 정부의 방식이 성장한다고요. 영국이 외국 땅을 통치할 수 있다면 미국도 할 수 있습니다. 독일이 외국 땅을 통치할 수 있다면 미국도 할 수 있습니다. 그들이 보호령을 감독할 수 있다면 미국도 할 수 있습니다. 뉴멕시코나 캘리포니아에 비해 하와이를 관리하는 것이 더 어려운 이유가 무엇입니까? 둘 다 야만인과 외국 인구가 있습니다. 둘 다 우리의 지배하에 들어왔을 때 오늘날 필리핀보다 정부 위치에서 더 멀리 떨어져 있었습니다. 미국의 통치력이 쇠퇴했다고 투표로 말하실 겁니까? 한 세기 동안의 자치 경험이 결과적으로 실패했다고? 미국의 힘과 현실 감각을 믿지 못한다고 투표로 확인하시렵니까? 아니면 우리의 힘이 정부의 피라고, 지배의 심장이라고, 행정의 두뇌이자 천재라고 말하실 겁니까? 우리는 그저 조상들이 했던 일, 다시 말해 우리는 서쪽으로, 남쪽으로 더 멀리 자유의 장막을 칠 뿐임을, 그저 국기의 진군을 계속할 뿐임을 기억하시겠습니까?","{'question': '""국기의 행진""에서 앨버트 비버리지(Albert Beveridge)가 지지한 것은?', 'choices': ['포퓰리즘', '영국과의 전쟁', '미국의 헌법 개혁', '해외 미국 제국의 창설'], 'answer': 4}",
generation-for-nlp-1128,"국가의 사랑, 평화, 자유의 법은 아담의 자손으로 간주되는 유대인, 터키인, 이집트인에게도 확장되며, 이는 외부 국가인 네덜란드의 영광이라. 그리스도 예수께서는 증오, 전쟁, 속박을 정죄하시기에 사랑, 평화, 자유가 모든 사람에게 확장된다. 우리 구주께서는 실족하게 하는 것이 없을 수는 없으나 그렇게 하게 하는 자에게는 화로다 하셨고, 우리의 소망은 장로교인이건, 독립교도이건, 침례교도이건, 퀘이커이건 예수의 이름이나 칭호가 어떤 형태로든 나타나는 예수를 믿는 자녀들을 실족케 하지 않는 것이다. 그러나 그들 중 누구에게서든지 하나님의 흔적을 보고 기뻐할 것이며, 모든 이가 우리에게 행하기를 바라는 대로 모든 이에게 행하기를 원할 것일진대, 이것이 교회와 국가 모두의 참된 법이다. 우리 구주께서는 이것이 율법이요 선지자라고 말씀하셨기에. 그러므로 위에서 말한 사람들 중 누구든지 우리를 사랑하게 된다면, 우리는 양심상 그들에게 폭력을 쓸 수 없으나 하나님께서 우리의 양심을 설득하시는 대로 우리 마을과 집에 자유로이 드나들도록 허락할 것이라. 우리는 모두에게 선을 행하고 아무에게도 악을 행하지 아니하여야 하는 하나님과 사람의 법에 묶여 있기 때문이다. 그리고 이는 네덜란드 국회의 이름으로 우리에게 주어진 우리 도시의 특권과 헌장에 따른 것이며 우리는 이를 침해하고 위반할 의사가 없고 우리 특권을 존중할 것이며, 당신의 겸손한 백성인 블리싱(뉴네덜란드 식민지의 일부인 플러싱)의 주민으로 남을 것이다.","{'question': '다음 중 위 문서가 작성된 상황을 가장 정확하게 설명하는 것은?', 'choices': ['네덜란드 서인도회사는 계몽주의 원칙에 기초하여 신세계에 모델 공동체를 설립하려고 노력하였으며 문서는 이 권한에서 비롯되었다.', '네덜란드 서인도 회사의 정책은 네덜란드인이 아닌 이민자들이 뉴네덜란드에 정착하는 것을 막았고, 이 문서는 식민지의 다양성을 확보하려는 시도였다.', '17세기 이웃 뉴잉글랜드 식민지는 종교적 관용이 표준이 되었고, 이 문서는 뉴암스테르담의 관용을 동일한 수준으로 만들려는 시도였다.', '뉴네덜란드 식민지의 심의관 페터르 스타위베산트(Peter Stuyvesant)는 식민지가 다인종으로 구성되어 있음에도 뉴네덜란드의 순응을 강요하려 하고 있었다. 이 문서는 다양한 인구를 수용하려는 시도였다.'], 'answer': 4}",
generation-for-nlp-1129,"16세기 스페인이 발견과 정복의 길로 파견한 모든 모험심 넘치는 기병대 중 에르난도 코르테스(Hernando Cortes)만큼 낭만적 기업가 정신으로 가득 찬 사람은 없었다. 위험과 어려움은 그를 막기는커녕 오히려 그의 눈에 매력으로 보이는 듯했다.… 멕시코에 상륙한 첫 순간 멕시코 정복 계획을 구상했다. 멕시코 문명의 힘을 보고도 목적에서 물러서지 않았다.… 이런 기사수행 정신으로 인해 장군으로서의 재능을 과소평가하고 단순히 운 좋은 모험가로서만 볼 수도 있따. 그러나 이는 참으로 코르테스에게 부당한 일일 것인데, 분명 천재성으로 빚어낸 자원으로 위대한 업적을 이룩한 위대한 장군이었기 때문이다. 아마도 역사상 그리 부적절해 보이는 수단으로 그렇게 거대한 사업을 달성한 사례는 없을 것이다.… 코르테스는 기준 하나에 따라 싸운 적이 없는 용병을 아주 다양한 곳에서 모았다. 금을 갈망하는 쿠바와 섬 출신의 모험가, 월계관을 얻고자 옛 나라에서 온 스페인의 하급 귀족 히달고, ... 태생부터 적이었고 오직 서로의 목을 자르고 희생 제물을 얻기 위해서만 만난 바 있는 전국 각지에서 온 야생 원주민 부족. 요약하면 인종, 언어, 이해관계가 다르며 공통점이 거의 없는 자들이었다. 그러나 이 어중이 떠중이가 하나의 정신처럼 한 진영에 모여, 한 사람의 뜻에 복종하고, 조화롭게 어울리고 공통 행동원칙에 따라 움직였다!","{'question': '프레스콧이 위의 구절에서 분명히 밝힌 바와 같이, 코르테스의 군사적 성공의 중요한 원인은 다음 중 무엇이었습니까?', 'choices': ['수적 우세', '용병들의 뛰어난 군사 기술', '인디언들 사이의 분열 이용', '유럽 포병의 효과적 활용'], 'answer': 3}",
generation-for-nlp-1130,"""나는 우리와 우리 조상이 영적인 문제에서 행동하며 속세의 권력을 행사하는 크고 놀라운 실수를 목격합니다. 주 예수의 마지막 유언장을 여러 번 읽었으나 예수께서 기꺼이 속세의 면류관과 정부를 받아들이셨더라면 예수의 영적인 사안과 왕국의 문제에 속세나 시민 권력의 아주 작은 부분이라도 제안하셨을 것인데, 이는 유언에서 단 한 마디도 찾을 수 없었습니다. 그러므로 시민 국가가 인간의 영혼에 종교, 예배, 사역, (종교 및 시민 문제에서) 맹세, 십일조, 시기, 날, 결혼, 성소 매장 등을 강요하는 것은 애석하게도 그리스도 예수에 대한 간증에 어긋나는 일이 아닐 수 없습니다…"" 로저 윌리엄스(Roger Williams), 그리스도께 속하지 않는 상업적 사역, 1652 위의 발췌문과 같이, 로저 윌리엄스는 1636년에 다음을 옹호한 것을 이유로 메사추세츠 만에서 추방되었습니다.","{'question': '이 지문에 나타난 정보는 무엇입니까?', 'choices': ['정교 분리', '여성의 참정권', '중혼', '담배 수출'], 'answer': 1}",
generation-for-nlp-1131,"""오명으로 남을 어제 1941년 12월 7일 미국은 일본 제국의 해공군으로부터 갑작스럽고 고의적인 공격을 받았습니다. 미국은 일본과 평화를 유지했고 일본 요청에 따라 태평양 평화 유지를 위해 일본 정부 및 천황과 여전히 대화를 나누는 중이었습니다. 실제 일본 공군 비행대의 폭격 개시 한 시간 후… 주미 일본 대사와 그 동료는 최근 미국의 전언에 대한 공식 답변을 국무장관에게 전달했습니다. 이 답변에는 기존 외교 협상을 계속하는 일이 무익해 보인다고 명시는 되어 있지만 전쟁이나 무력 공격에 대한 위협이나 암시는 포함되어 있지 않고… 어제의 공격은… 미 해군과 군대에 심각한 피해를 입혔습니다. 매우 많은 미국인이 생명을 잃었습니다. 또한 미국 선박이 공해에서 어뢰로 격침당했다는 보고를 받았습니다.... 저는 육해군의 총사령관으로서 조국 방어를 위해 모든 조치를 취할 것을 지시했습니다."" 프랭클린 D. 루즈벨트 대통령, 라디오 연설, 1941년 12월 8일","{'question': '다음 중 위 발췌문에 기술된 사건들로 인해 즉각적인 결과로 나타난 것은 무엇입니까?', 'choices': ['1980년대까지 확대된 일본과의 통상금지조치', '노르망디 전투', '일본계 미국인 구금', '나가사키 폭탄 투하'], 'answer': 3}",
generation-for-nlp-1132,"""국가적 문제가 엄중한 시기, 국가의 정의 의식으로 탄생한 국민의 양심으로 새로운 정당이 탄생하였습니다. 여기 진보당 소속의 우리는 국민의, 국민에 의한, 국민을 위한, 국민이 기반을 닦은 정부를 유지하고자 우리 아버지들이 부여한 의무를 이행하는 데 헌신합니다. 우리는 토머스 제퍼슨, 에이브러햄 링컨의 유지를 이어받아 국민이 헌법의 주인이며, 헌법의 목적을 달성하고, 그 의도를 곡해하여 불의의 도구로 바꾸는 자로부터 헌법을 수호하고자 합니다. 각 세대의 필요에 따라 국민은 기회균등과 산업의 정의를 확립 및 유지하기 위해 주권을 사용해야 하며, 국민을 지키고자 이 정부가 설립되었고, 국민 없이는 그 어떤 공화국도 존속할 수 없습니다. ""이 나라는 이곳에 사는 사람들의 것입니다. 그 자원, 사업, 기관, 법률은 공익을 최선으로 증진하는 방식으로 활용, 유지 또는 수정되어야 합니다. 공공복지를 우선적으로 마련해야 할 때입니다."" 진보당 플랫폼, 1912 라틴 아메리카의 진보적인 시어도어 루스벨트의 ""곤봉"" 정책의 가장 큰 특징은 다음과 같습니다.","{'question': '이 지문에 나타난 정보는 무엇입니까?', 'choices': ['먼로 독트린에 대한 부인', '유럽 국가들이 그 지역 전체에 남아있는 식민지에서 자신들의 경제적 이익을 보호할 권리가 있다는 믿음', '서반구에 새로 독립한 국가들의 주권 인정', '미국이 서반구 전체를 보호하는 역할을 맡음으로써 안보와 안정을 수호할 의무가 있다는 믿음'], 'answer': 4}",
generation-for-nlp-1133,". . . 각 지역의 모든 사람을 통솔하는 지휘관에게 주어지는 권력은 절대군주의 권력이다. 그의 단순한 의지는 모든 법을 대신한다. . . . 이는 10개 주의 전 인구, 즉 모든 피부색, 성별, 조건의 모든 사람과 그 경계 내 모든 이방인을 가장 비참하고 굴욕적인 노예로 전락시킨다. 위의 대통령 거부권 메시지에서의 발췌문은","{'question': '이 지문에 나타난 정보는 무엇입니까?', 'choices': ['토마스 제퍼슨 대통령의 외국인 규제법 및 선동 금지법에 대한 거부권.', '제임스 먼로 대통령의 컴벌랜드 도로의 보존 및 보수에 관한 법에 대한 거부권.', '앤드류 잭슨 대통령의 미합중국 제2은행 인가 연장 법안에 대한 거부권.', '앤드류 잭슨 대통령의 1867년 재건축법 중 하나에 대한 거부권에서 인용하였습니다.'], 'answer': 4}",
generation-for-nlp-1135,"""앞으로 반 세기의 과제는 우리가 지혜롭게 부를 사용하여 국가의 삶을 풍요롭게 만들고 개선하며 미국 문명의 품질을 높이려 하는지 여부에 달렸습니다.... 위대한 사회는 모두를 위한 풍요와 자유에 달려 있습니다. 그러려면 우리 시대 전적으로 노력하고 있는 빈곤과 인종적 불의의 종식이 필요합니다. 하지만 이는 시작에 불과합니다. 위대한 사회는 모든 어린이가 풍요로운 정신을 갖추고 재능을 확장할 지식을 찾을 수 있는 곳입니다. 여가가 지루함과 불안함을 두려워하는 원인이 아닌, 건설하고 성찰할 기회로 환영받는 곳입니다. 인간의 도시가 육체의 필요와 상업적 요구는 물론, 아름다움에 대한 열망과 공동체에 대한 갈망을 채우는 곳입니다. 인간이 자연과 다시 만나는 곳입니다. 창조 자체와 창조가 인류의 이해에 기여함을 소중히 여기는 곳입니다. 인간이 가진 것의 양보다 자기 목표의 질에 더 관심을 갖는 곳입니다. 무엇보다도 위대한 사회는 안전한 항구도, 안식처도, 최종 목표도, 완성된 작품도 아닙니다. 위대한 사회는 꾸준히 갱신되는 도전이며, 우리 삶의 의미가 놀라운 노동의 산물과 일치하는 운명을 향해 우리를 안내하는 곳입니다."" 린든 존슨(Lyndon Johnson), 미시간대학교 앤 아버 캠퍼스 연설, 1964년","{'question': '존슨의 위대한 사회는 다음 중 어떤 이니셔티브의 확장을 가장 잘 나타냈는가?', 'choices': ['뉴딜정책', '공평한 분배 정책', '트루먼 독트린', '몬로 독트린'], 'answer': 1}",
generation-for-nlp-1136,"1801년 3월 4일 피트와 보나파르트 사이의 동등한 위치를 주장하기 위해 국회의사당 계단에 오른 자의 성격은 행동으로 드러났으나, 인격과 태도는 동시대 사람만이 알 수 있으며, 가장 생생한 묘사조차도 개인적인 접촉의 순간보다 가치가 없다. 제퍼슨은 키가 6피트 2.5인치로 아주 컸다. 피부는 노란기와 붉은기가 섞인 따스한 밝은색이었고, 수줍음이 많고, 차가워 보이며, 태도가 어색하고, 명령을 암시하는 모습을 거의 보이지 않는다… 피부는 얇았고, 햇빛에 노출되어 살갗이 벗겨져 너덜해 보였다. 따스한 밝은색 얼굴, 적갈색 눈과 밝은 면이 있는, 느슨하면서도 구속하는 인물이다. 이 장황하고 뛰어난 면이 많은 대화는 미국 역사에 지배적인 영향력을 미친 인물의 것이었으며 진실만을 숨긴 공식 신문의 4분의 3보다 이야기에 더 필요했다. 8년 동안 제퍼슨의 성격은 정부 그 자체인 것처럼 보였고, 과정은 다르지만 보나파르트처럼 국민의 마음에 깊은 인상을 남겼다. 소박한 워싱턴 마을에서 왕 이상의 존재였다. 정치적으로나 사회적으로나 탁월한 위치에 있었기 때문이다. 영국 공사관을 제외한 워싱턴의 어떤 집도 일반 사회에 개방적이지 않았다. 모든 정치인, 심지어 연방주의자도 재미를 위해 제퍼슨과 ""궁전""에 의존했고, 그곳에 가기를 거부하면 ""곰처럼 잔인하고 멍청하게 살았다."" —헨리 애덤스, 토머스 제퍼슨 행정부 시절 미국 역사, 1889년 제퍼슨은 정부는 작고 제한적이어야 한다고 믿었었음에도 불구하고, 그가 집권하고 나선","{'question': '이 지문에 나타난 정보는 무엇입니까?', 'choices': ['관료의 규모를 비대화시킨 엽관제를 만들었습니다', '복지국가의 초석을 마련하였습니다', '도로 건설과 공공사업에 대한 야심찬 계획을 요구했습니다', '외교문제에 있어서 연방권력을 강력하게 행사했습니다'], 'answer': 4}",
generation-for-nlp-1137,"이 지문에 나타난 정보는 무엇입니까? 우리 지도자들은 북으로부터의 침략을 막는 이야기를 하나, 우리가 개입하기 전까지 이는 베트남 내부 단체 사이의 투쟁이었습니다. 우리는 베트남인을 죽이고 나라를 파괴하더라도 호치민으로부터 베트남인들을 구하려는 의지가 있는 듯합니다. 원주민들은 폭격당한 마을, 네이팜탄에 불타버린 여자와 아이들, 파괴된 벼농사, 우리 군인들로 가득한 도시를 조사하며 의심할 바 없이 베트콩 게릴라와 미군에 대해 비밀리에 ""너희들 모두 죽어버려라""라고 말하고 있을 겁니다. … 남북 폭격을 중단하고, 수색을 멈추고 공격적인 소탕작전을 파괴하며, 우리 군사행동을 지상 작전으로만 제한하십시오. 북쪽 폭격은 남쪽으로 향하는 군대 흐름을 중단하거나 의미 있게 저지하는 데 실패했으며 실제로 하노이의 전쟁 의지를 훨씬 크게 촉발했을 수도 있습니다. —조지 맥거번 상원의원, ""베트남의 교훈"", 1967년 4월 25일","{'question': '베트남 전쟁 중 정치적 불화는 다음 중 어떤 전쟁의 정치적 불화와 가장 유사한가요?', 'choices': ['미국-스페인 전쟁', '멕시코 전쟁', '제1차 세계대전', '제2차 세계대전'], 'answer': 2}",
generation-for-nlp-1138,"16세기 스페인이 발견과 정복의 길로 파견한 모든 모험심 넘치는 기병대 중 에르난도 코르테스(Hernando Cortes)만큼 낭만적 기업가 정신으로 가득 찬 사람은 없었다. 위험과 어려움은 그를 막기는커녕 오히려 그의 눈에 매력으로 보이는 듯했다.… 멕시코에 상륙한 첫 순간 멕시코 정복 계획을 구상했다. 멕시코 문명의 힘을 보고도 목적에서 물러서지 않았다.… 이런 기사수행 정신으로 인해 장군으로서의 재능을 과소평가하고 단순히 운 좋은 모험가로서만 볼 수도 있따. 그러나 이는 참으로 코르테스에게 부당한 일일 것인데, 분명 천재성으로 빚어낸 자원으로 위대한 업적을 이룩한 위대한 장군이었기 때문이다. 아마도 역사상 그리 부적절해 보이는 수단으로 그렇게 거대한 사업을 달성한 사례는 없을 것이다.… 코르테스는 기준 하나에 따라 싸운 적이 없는 용병을 아주 다양한 곳에서 모았다. 금을 갈망하는 쿠바와 섬 출신의 모험가, 월계관을 얻고자 옛 나라에서 온 스페인의 하급 귀족 히달고, ... 태생부터 적이었고 오직 서로의 목을 자르고 희생 제물을 얻기 위해서만 만난 바 있는 전국 각지에서 온 야생 원주민 부족. 요약하면 인종, 언어, 이해관계가 다르며 공통점이 거의 없는 자들이었다. 그러나 이 어중이 떠중이가 하나의 정신처럼 한 진영에 모여, 한 사람의 뜻에 복종하고, 조화롭게 어울리고 공통 행동원칙에 따라 움직였다!","{'question': '다음 중 멕시코 정복에 대한 프레스콧의 해석과 흡사한 현대 19세기 미국 정치 운동은 어떤 것입니까?', 'choices': ['명백한 운명에 대한 지지', '남부분리주의에 대한 지지', '노예제폐지론에 대한 지지', '무지론에 대한 지지'], 'answer': 1}",
generation-for-nlp-1139,"종교적 직업과 예배에서 양심의 자유가 제한된다면 시민의 자유를 최대한 누리더라도 진정으로 행복할 수 있는 자는 없기 때문입니다. 그리고 전능하신 하나님은 양심의 유일한 주이시며, 빛과 영의 아버지이자, 지성인을 계몽하고 사람들의 이해를 설득하고 확신을 주는 모든 신성한 지식, 신앙, 예배의 입안자이자 대상이십니다. 저는 이로써 이 지역에 거주하는 그 누구도, 세계의 창조자, 유지자, 통치자이신 전능하신 하나님께 고백하고 믿으며, 시민 정부 아래서 조용히 생활할 의무가 있다고 공언하는 자는, 어떤 경우에도 자신의 양심적인 설득이나 관행으로 인해 자신의 인격이나 재산이 타락하거나 피해를 입어서는 안 되며, 종교적 예배, 장소, 사역을 빈번히 하거나 유지할 것을 자신의 정신에 반대하여 강요받아서는 안 됨을 인정하고 선언합니다.… —윌리엄 펜, 윌리엄 펜이 부여한 특권 헌장, 펜실베이니아 및 영토 주민들에게 보내는 편지, 1701년 10월 28일","{'question': '윌리엄 펜은 박해를 받는 다음 종교 단체 중 어느 곳의 일원이었습니까?', 'choices': ['로마 가톨릭', '청교도', '퀘이커', '영국 성공회'], 'answer': 3}",
generation-for-nlp-1141,"""내년 3월 4일 이 정당[공화당]이 정부를 장악할 것입니다. 남부는 공동 영토에서 제외되어야 하며, 사법재판소는 분할되어야 하며, 노예제가 미국 전역에서 끝날 때까지 노예제에 맞서 전쟁을 벌여야 한다고 발표했습니다. 그러면 헌법의 보장은 더 이상 존재하지 않으며 주의 평등권은 상실될 겁니다. 노예를 소유한 주는 더는 자치권이나 자기보호권을 갖지 못하게 될 것이며, 연방 정부는 적이 될 것입니다. ""따라서 우리 사우스캐롤라이나 주민들은 대회에 모인 대표를 통해 지금까지 이 주와 북아메리카의 다른 주 사이에 존재했던 연방이 해체되었으며 사우스캐롤라이나가 다시 국가 지위를 되찾아 세계 국가 간에 별도의 독립국으로서 전쟁을 일으키고, 평화 협정을 맺고, 동맹을 맺고, 상업을 확립하고, 독립국이 정당히 행할 수 있는 기타 모든 행위와 사안을 행사할 전권을 가지고 있음을 엄숙히 선언합니다."" 사우스캐롤라이나 분리독립 원인 정의, 1860년","{'question': '다음 중 사우스캐롤라이나의 분리로 인해 즉각적으로 나타난 결과는 무엇입니까?', 'choices': ['남부 민주당원들은 사우스캐롤라이나에 대한 군사 행동을 중단할 것을 의회 권력에 호소했습니다.', '아브라함 링컨이 노예해방선언에 서명했습니다.', '다른 남부의 주들이 연방에서 탈퇴하여 남부 연방을 구성했습니다.', '제퍼슨 데이비스는 섬터 요새의 포위를 방어하기 위해 남군 병사들을 전쟁에 징집했습니다.'], 'answer': 3}",
generation-for-nlp-1142,"나는 어떤 백인에게라도 이렇게 말하겠다. 그가 배고픈 채로 로건의 오두막에 들어갔는데 로건이 고기를 주지 않았다면? 차갑고 벌거벗은 그에게 로건이 옷을 주지 않았다면? 길고 피비린내 나는 마지막 전쟁이 진행되는 동안 로건은 평화를 옹호하며 자기 오두막에서 한가롭게 지냈다. 백인에 대한 나의 사랑이 그러했기에 우리 동포들은 지나가며 로건을 가리키며 ""로건은 백인의 친구""라고 말했다. 나는 그대들과 더불어 살리라 생각한 적도 있었으나 단 한 남자가 입힌 상해 때문에 그만두었다. 지난 봄, 냉혈하며 도발당하지 않은 크레삽 대령은 로건의 모든 친척은 물론 나의 아내와 아이도 살해했다. 어떤 생명체의 혈관에도 내 피 한 방울이 흐르지 않는다. 나는 복수를 다짐했다. 방법을 찾았다. 나는 많은 사람을 죽였다. 나는 복수심을 철저히 과시했다. 나는 조국을 위한 평화의 빛을 기뻐한다. 그러나 이 감정이 두려움의 기쁨이라는 생각은 품지 않는다. 로건은 두려움을 느낀 적 없다. 그는 자기 목숨을 아끼고자 배신하지 않을 것이다. 로건을 애도할 자 있는가? 아무도 없다.—인디언 지도자 로건의 연설, 1774년","{'question': '미국 건국 초기에 로건의 연설에 공감한 독자라면 다음 중 지지할 가능성이 높은 인디언 정책은?', 'choices': ['인디언 말살', '인디언 거주 구역 및 자치권 존중', '인디언이 캐나다와 멕시코로 이주할 것을 권장', '보호 구역을 설치하고 인디언들이 삶의 방식을 바꾸도록 권장'], 'answer': 4}",
generation-for-nlp-1143,"""우리는 25년 넘게 두 거대 정당이 권력을 얻고 빼앗으려 드는 동안 고통받는 자들에게 심각한 악행이 가해지는 것을 목격해 왔습니다. 우리는 두 정당을 지배하는 통제적 영향력으로 인해, 이들을 막거나 제지하려는 진지한 노력 없이 기존의 끔찍한 상황이 악화되었음을 비난합니다. 두 정당은 이제 우리에게 진정한 개혁을 전혀 약속하지도 않습니다. 다가오는 유세에서 모든 문제를 무시하기로 상호 동의했으나, 한 가지는 예외입니다. 두 정당은 관세를 둘러싼 가짜 싸움의 소동으로 약탈당한 이들의 부르짖음을 잠재울 것을 제안합니다. 그리하여 자본가, 기업, 국립은행, 불법 집단, 신탁, 실제 가치보다 부풀려진 주식, 은 화폐화 폐지, 고리대금업자 탄압이 모두 눈을 씻고도 찾아볼 수 없도록 말입니다. 두 정당은 우리의 집과, 삶과, 아이들을 우상의 제단에 희생하겠다고 제안합니다. 백만장자로부터 부패 자금을 확보하기 위해 다수를 파괴하자는 겁니다.

""건국기념일을 맞아 모여, 독립을 이룩한 대장군과 추장의 기상으로 가득한 우리는, 공화국 정부를 다시 그 근원 계급인 ‘평범한 국민’의 손에 맡기고자 합니다. 우리의 목적은 헌법의 목적과 동일하다고 주장합니다. 더욱 완벽한 연방을 만들고, 정의를 확립하며, 국내의 평온을 보장하고, 공동 방어를 제공하고, 일반 복지를 증진하며, 우리와 후손을 위한 자유의 축복을 확보하는 것입니다."" 
포퓰리스트 정당 플랫폼, 1892","{'question': '위 인민당 강령에서 정당에 대해 표현된 감성은 다음 중 어느 것과 가장 유사한가요?', 'choices': ['George McGovern, 민주당, 1972', 'Theodore Roosevelt, 진보당, 1912', 'Andrew Jackson, 민주당, 1829', 'H. Ross Perot, 개혁당, 1996'], 'answer': 4}",
generation-for-nlp-1144,"“이를 실행하기 위해 미시시피 강 서쪽 지역에 넓은 구역을 별도로 구성해 현재 형성된 주나 주에 준하는 지역의 경계와 무관하게 인디언 부족이 거주하고 있는 한 그 구역이 보장되어야 할 것을 제안합니다… 해당 구역에서 인디언 부족들은 국경 또는 부족 간의 평화를 유지하기 위한 조치를 제외하고는 미 연방으로부터 다른 통제를 받지 않고 자유가 보장되어야 합니다. 자애로운 이들은 보호 구역에서 인디언 부족에게 문명을 전파하려 할 것입니다. “원주민들에게 아버지의 무덤을 두고 머나먼 땅에서 새 고향을 찾으라고 강요하는 일은 잔인하고 부당한 일이므로 이주는 자발적으로 진행되어야 합니다. 하지만 주 경계 내에서 거주한다면 법에 따라야 한다는 사실 또한 분명히 전달해야 할 것입니다… 앤드류 잭슨 대통령, 1829년","{'question': '다음 중 마틴 루터 킹 목사와 다른 이들이 종식시키고자 노력했던 인종 분리 제도에 가장 큰 공헌을 한 대법원 판결은?', 'choices': ['드레드 스콧 대 샌포드(1857).', '브라운 대 캔자스 토피카 교육위원회(1954)', '워세스터 대 조지아(1831)', '플레시 대 퍼거슨(1896)'], 'answer': 4}",
generation-for-nlp-1145,"""전체주의 정권의 씨앗은 비참함과 궁핍을 먹고 자라납니다. 가난과 분쟁이라는 악한 땅에 퍼지고 자랍니다. 더 나은 삶에 대한 사람들의 희망이 사라지면 완전히 성장합니다. 우리는 희망이 계속 살아있게 해야 합니다. . . . 사건이 신속히 진행되어 우리에게 큰 책임이 생겼습니다. . . . 저는 의회가 책임에 정면으로 맞설 것이라고 확신합니다."" —해리 S. 트루먼 대통령, 1947년","{'question': '위 구절에 표현된 사상이 가장 직접적으로 반영하는 미국 역사의 연속성은 다음 중 무엇입니까?', 'choices': ['의회와 대통령 간의 관계에 대한 논의.', '불안정한 상황에서 군사력을 이용하는 것에 대한 논의.', '세계 정세에 있어 미국의 역할에 대한 논의.', '정당의 올바른 역할에 대한 논의.'], 'answer': 3}",
generation-for-nlp-1146,"링컨은 노예제를 강력하게 반대했으나 노예제 폐지론자나 급진 공화당원도 아니었고 자신이 그렇다고 주장한 적도 없다. 링컨은 ‘어디에 있건 모든 사람은 자유로울 수 있다’는 개인적 소망을 자주 언급했으나 남부의 노예 재산권을 인정한 헌법 및 법률 체제에서 자신의 입법자, 의원이자 대통령으로서의 공식적인 의무와 소망의 구분을 명확히 했습니다. 노예해방 선언문을 발표한 후에도 점진적 폐지를 선호한다는 입장을 계속 밝혔다. 그의 인종적 견해는 남북전쟁 중 바뀌었으나 결코 프레더릭 더글러스나 웬델 필립스 같은 노예폐지론자, 찰스 섬너 같은 급진적 공화당원처럼 원칙을 지키는 평등주의자였던 적이 없다.","{'question': '다음 중 노예제도에 대한 에이브러햄 링컨 대통령의 견해에 대한 에릭 포너의 주장을 묘사한 것은 무엇입니까?', 'choices': ['링컨 대통령은 노예 해방을 꾸준히 지지했다.', '링컨 대통령은 프레드릭 더글라스와 같은 옹호론자들과 이념적으로 연관되길 거부했다.', '에이브러햄 링컨은 대통령이 되기 위한 야망으로 인해 헌법에 명시된 힘으로 노예제를 종식시키고자 하는 열망을 드러냈다.', '링컨 대통령은 노예제와 폐지에 대한 견해를 지속적으로 바꿔 왔으며 이 견해가 항상 당대의 정치적 카테고리에 맞는 것은 아니었다.'], 'answer': 4}",
generation-for-nlp-1147,"""한편으로는 노예 소유자가 모든 반대자보다 결정적인 이점을 갖고 있다. 이러한 이점, 다시 말해 완전한 조직의 이점을 알아두는 것이 좋다. 그들은 조직되어 있으나 조직을 만드는 데 어려움을 겪지 않았다. 노예제가 존재하는 주 정부들은 완전한 노예제 조직이다. 이들 주의 교회 조직 역시 동등하게 노예제에 봉사하고 있다. 연방정부는 육군과 해군을 포함하여 워싱턴 최고 치안판사로부터 대법원, 뉴욕 최고 원수에 이르기까지 인간 속박이라는 비통한 저주를 지지하고 방어하며 전파할 것을 맹세한다. 펜, 지갑, 칼은 희미한 곳에서 겸손한 자들이 설교하는 단순한 진리에 맞서 연합한다."" 프레데릭 더글라스, 1857년","{'question': '다음 중 프레드릭 더글라스가 가장 큰 영향을 받은 사회 운동은?', 'choices': ['1차 신앙 부흥 운동', '2차 신앙 부흥 운동', '영토 확장론', '국민 주권설'], 'answer': 2}",
generation-for-nlp-1148,“나는 한 때 억압의 도구였고 바보처럼 녹색이었다 독점 기업들은 담합해 나 같은 촌뜨기를 짓밟았다. “철도 기업과 오랜 당 간부들은 달콤한 합의를 이루었다 그리고 나 같은 촌뜨기를 짓밟는 일은 쉬울 거라고 생각했다. ––“촌뜨기”,"{'question': '다음 중 위 노래 가사가 실렸을 법한 곳은 어디입니까?', 'choices': ['1830년대의 노예제 폐지론 신문', '1870년대의 공화당 선전물', '1980년대의 포퓰리즘 신문', '1950년대의 인권 운동 팸플릿'], 'answer': 3}",
generation-for-nlp-1149,"명백히 독재자 하나가 더는 침략에 맞서는 유엔 공동행동을 방해할 목적으로 동서 대결에 의존할 수는 없게 되었습니다. 새로운 국가 파트너십이 시작되었습니다. 그리고 오늘 우리는 독특하고 특별한 순간을 맞이합니다. 페르시아만의 위기는 아주 심각하지만 역사상 협력의 시기를 향해 나아갈 수 있는 흔치 않은 기회이기도 합니다. 이 어려운 시기 우리의 다섯 번째 목표인 신세계 질서가 나타날 수 있습니다. 테러 위협에서 더욱 자유롭고, 더욱 강한 힘으로 정의를 추구하며, 더욱 안전하게 평화를 추구할 새로운 시대입니다. 동서남북을 막론하고 세계 각국이 번영하고 화합하며 살아갈 수 있는 시대입니다.","{'question': '다음 중 조지 허버트 워커 부시의 “새로운 세계 질서”에 대한 비전이 실현 가능했던 이유는 무엇입니까?', 'choices': ['미국의 경제 호황', '로널드 레이건 대통령의 전략적 방위 구상', '이란 인질극 사태', '냉전의 종식'], 'answer': 4}",
generation-for-nlp-1150,"여러분께 바라건대 우리 자신을 속이지 말맙시다. 우리는 다가올 태풍에 대비해 할 수 있는 모든 일을 했습니다. 청원했고, 항의했고, 간청했습니다. 왕좌에 엎드려도 보았고 내각과 의회의 폭정을 멈추기 위해 왕의 개입을 바랐습니다. 우리의 청원은 무시당했고 우리의 항의는 더 많은 폭력과 모욕을 낳았습니다. 우리의 간청은 버림받았고 우리는 왕좌의 발치에서 경멸당하며 쫓겨났습니다. 이런 일이 있은 후 우리는 절망에 빠져 평화와 화해에 대한 실낱같은 희망을 좇았습니다. 이제 희망조차 남지 않았습니다…이 문제를 언급하는 것 조차 헛된 일입니다. 신사들은 평화를 부르짖지만, 평화는 없습니다. 전쟁은 이미 일어났습니다! 북쪽에서 불어올 다음 찬바람이 우리의 귓구멍에 포성을 불러올 것입니다! 이미 우리 형제들이 전장에 나가 있습니다! 왜 이러고들 서 있는 겁니까? 그들이 바라는 것은 무엇입니까? 이들이 가진 것은 무엇입니까? 생명이 그리 소중하고 평화가 달콤하다면 사슬과 노예의 삶과 맞바꿀 수 있는 것입니까? 전능한 신이시여, 모두 막아주소서! 다른 사람들의 선택은 모르겠으나 저에게 물으신다면 자유 아니면 죽음을 주십시오! – 패트릭 헨리, 1775년 3월 23일","{'question': '여기서 헨리가 언급한 “태풍”이란 다음 중 무엇의 직접적인 결과인가요?', 'choices': ['스페인과 프랑스와 무역을 하기 위한 미국의 노력', '프랑스 및 인디언 전쟁 후 영국 정부의 예산 적자 축소 노력', '영국인들의 인디언과의 전선 전투 거부', '미국 선원에 대한 영국인들의 인상과 미국 무역에 대한 간섭'], 'answer': 2}",
