번호(Q_no),문제유형(Q_form),질문(Q_string),보기()E_string,보기()E_string,보기()E_string,보기()E_string,정답(A_ans),정답 이형태(A_synonym),정답 근거(AP_sent),위키피디아 제목(AP_title),정답 출처(AP_origin),
1,객관식,판소리를 할 때 고수가 연주자의 흥을 돋우기 위해 '좋지' '좋다' '얼씨구' 등의 말을 하는 것은 무엇일까?,아니리,단가,추임새,발림,추임새,,"고수는 연주 도중에 때때로 '얼씨구', '좋다' 등과 같은 추임새를 넣어서 창자(唱者)의 흥을 돋아주고 연주장의 분위기를 고조시킨다.",고수 (판소리),한국어 위키피디아,
2,객관식,꽃은 알려진 것만 약 25만 종이 있다고 한다. 식물학의 관점에서 꽃이라고 부르려면 4개의 요소가 반드시 있어야 하는데 네 개의 기본 요소가 아닌 것은 무엇일까?,꽃잎,수술,꽃받침,밑씨,밑씨,,"꽃은 종자식물에서만 볼 수 있으며, 생식에 관계되는 부분과 관계되지 않는 부분이 모여 있는데, 크게는 꽃잎·꽃받침·암술·수술로 이루어져 있다고 할 수 있다.",꽃,한국어 위키피디아,
3,객관식,이것은 꾸밈음의 종류 중 '떨리다'라는 뜻으로 같은 음을 빠르게 규칙적으로 반복하는 것이다. 주로 악기에서 쓰는 연주법은 무엇일까?,트레몰로,돈꾸밈음,잔결꾸밈음,글리산도,트레몰로,,"Tremolo 이탈리아어의 tremare(떨리다)에서 유래한 말로서, 음을 급속히 반복하는 주법이다.",사용자:Enigma7seven/작업장03,한국어 위키피디아,
4,객관식,현재 1초의 정의는 어떤 원자의 복사선이 진동하는 데 걸리는 시간을 의미할까?,소듐,세슘,저마늄,베릴륨,세슘,세슘-133 원자,1967년 제13차 CGPM의 회의에서 시간의 정의를 세슘-133 원자의 복사를 기준으로 한 표준으로 바꾸었다.,초 (시간),한국어 위키피디아,
5,객관식,금속은 나무나 플라스틱보다 녹는점이 높다. 녹는점이 가장 높은 금속은 무엇일까?,철,타이타늄,알루미늄,텅스텐,텅스텐,,"난융 금속은 녹는점이 철의 녹는점 1,539℃보다 높은 금속의 총칭이다. 내화 금속이라고도 한다. 내열합금은 니켈이나 코발트의 합금이며 약 1,100℃까지 사용되지만 1300℃ 이상도 견디는 것만을 취급하는 재료이다. 니오브·바나듐·탄탈·타이타늄·지르코늄·하프늄·몰리브덴·레늄·텅스텐 등이 이 부류에 속한다.",난융 금속,한국어 위키피디아,
6,객관식,대한제국 시기에 등장한 신문으로 강력한 의병 활동에 우호적인 기사를 쓰는 등 항일 논조로 많은 독자층을 확보했다. 양기탁이 영국인 베델과 함께 한글과 영문으로 발간한 신문은 무엇일까?,대한매일신보,한성순보,독립신문,대한민보,대한매일신보,,그는 이듬해 국한문 혼용체로 발행되는 《대한매일신보》(주필 박은식)를 창간하는데 참여했다. 영국인 베델을 사장으로 내세워 검열을 피했던 이 신문은 항일 의식을 고취하는 내용을 실을 수 있었다.,양기탁,한국어 위키피디아,
7,객관식,"해구는 심해저에서 움푹 들어간 좁고 긴 곳을 가리키는 말로 해구의 수심은 보통 6,000m 이상이다. 태평양에 있으며 가장 깊은 곳의 수심이 1만 미터 이상인 해구는 어디일까?",푸에르토리코 해구,마리아나 해구,사우스샌드위치 해구,자바 해구,마리아나 해구,"마리아나,
마리아나해구","마리아나 해구는 지구에서 가장 깊은 해구로, 지구의 지각 표면 위에서 가장 깊은 위치에 있는 대양이다. 이곳의 최대 깊이는 11,034m 즉, 약 11km (6.8 마일) 로, 북태평양의 서쪽 대양에 위치해 있으며, 동쪽과 남쪽에는 마리아나 제도, 가까이에는 괌이 위치해 있다.",마리아나 해구,한국어 위키피디아,
8,객관식,"이 민요는 주로 빠른 곡에서는 자진굿거리장단이 쓰이며 느린 곡에서는 중모리장단을 사용하는 특징이 있다. 대표 민요로 '몽금포 타령', '산염불'등이 있는데 어느 지역의 민요일까?",강원도 민요,경기도 민요,황해도 민요,전라도 민요,황해도 민요,황해도,"황해도에서 불리는 민요들은 중모리 장단, 빠른 것은 자진굿거리 장단으로 친다. 가락은 수심가형이 많으나 목 구성이 다르고 어떤 것은 경기도 경복궁타령이나 한강수타령과 비슷한 데가 보이기도 한다. 평안도 민요처럼 처절하지 않고, 보다 밝고 서정적이며, 한편 구성진 가락도 보인다. 산염불·자진염불·긴난봉가·자진난봉가·사리원난봉가·병신난봉가·몽금포타령·수천난봉가 등이 있다. 산염불, 긴난봉가가 대표적이라 하겠다.",한국의 민요,한국어 위키피디아,
9,객관식,소득이 늘어남에 따라 가계 지출 총액에서 차지하는 식료품 비의 비율이 낮아진다는 법칙은 무엇일까?,파레토 법칙,슈바베 법칙,엥겔 법칙,롱테일 법칙,엥겔의 법칙,"엥겔 법칙, 엥겔법칙","경제학에서, 총지출에서 식료품비 지출이 차지하는 비율을 계산한 값을 엥겔 계수라고 하며, 이 값이 저소득 가계에서 높고 고소득 가계에서 낮다는 통계적 법칙을 엥겔의 법칙(-法則, 독일어: Engelsches Gesetz)이라 한다.",엥겔의 법칙,한국어 위키피디아,
10,객관식,유전 정보를 저장하거나 전달하는 고분자 화합물은 무엇일까?,셀룰로스,액포,지질,핵산,핵산,,"핵산(核酸)은 뉴클레오타이드가 긴 사슬 모양으로 중합된 고분자 유기물의 한 종류이다.
뉴클레오타이드로 구성된 생명체의 유전 물질로, 가장 잘 알려진 핵산으로 DNA와 RNA가 있다. 
데옥시리보 핵산(-核酸, Deoxyribonucleic acid, DNA, 디옥시리보핵산)는 핵산의 일종이며, 주로 세포의 핵 안에서 생물의 유전 정보를 저장하는 물질이다. ","핵산,
DNA",한국어 위키피디아,
11,객관식,채무자가 자신의 재산을 함부로 처분할 가능성이 큰 경우 채무자의 재산을 임시로 확보하는 조치가 필요하다. 이 조치는 무엇일까?,공증,가압류,소송,강제 집행,가압류,압류,"압류는 채권자의 금전적 청구권의 내용을 실현하고 그 만족을 얻기 위하여 어느 재산을 확보하는 국가집행기관의 강제적 행위이다. 이와 같이 압류는 채권자의 금전적 청구권의 만족실현을 목적으로 하므로 그 목적을 달성하기 위하여 압류대상이 되는 것을 국가기관의 수중에 넣어 자유처분할 수 있는 상태를 조성함으로써 장래 채권자에게 만족을 주기 위하여 실시될 각종의 강제집행행위(환가·배당)의 준비와 기초를 마련하여야 하는바, 이 재산의 확보는 압류대상의 점유나 그 처분권의 박탈에 의하여 실시된다.",강제집행,한국어 위키피디아,
12,객관식,꿀벌은 꿀이 있는 꽃의 위치를 다른 벌들에게 알릴 때 춤을 추듯이 움직여 알린다고 하는 데 무엇일까?,수직왕복 춤,8자 춤,수평왕복 춤,무한회전 춤,8자 춤,,일벌이 먹이가 있는 곳을 팔(8)자모양의 춤으로 알려주어서 공유할만큼 공동체의식이 강하다.,꿀벌,한국어 위키피디아,
13,객관식,도시 이름 중 가리키는 대상이 다른 하나는 무엇일까?,비잔티움,이스탄불,알레산드리아,콘스탄티노플,알레산드리아,,"
이스탄불(터키어: ?stanbul, 문화어: 이스딴불)은 현재 터키에서 최대 도시이다. 행정상 이스탄불 주에 속해 있다. 터키 서부에 있고 마르마라해와 흑해를 연결하는 보스포루스 해협을 가운데에 두고 아시아와 유럽 양 대륙에 걸쳐 있다. 
동로마 제국 시대에는 콘스탄티노폴리스라고 불렀으며 오스만 제국 때까지 수도로 존속하다가 현재 이름으로 개칭되었다. 
로마 제국 시대에는 라틴어 이름인 비잔티움으로 불렸다.",이스탄불,한국어 위키피디아,
14,객관식,이것은 보통 악기의 현에 바르는 것으로 현과 활털 사이의 마찰력을 가감시켜 소리가 나게 하는 역할을 한다. 이것은 무엇일까?,리드,송진,오일,약음기,송진,,활털은 말 꼬리털(말총)을 표백하여 빗질한 것을 굵기가 고르게 맞추어 쓴다. 여기에 송진을 발라 현을 마찰시켜 음을 낸다,비올라,한국어 위키피디아,
15,객관식,"국권이 쇠퇴하던 시기 우리말을 지키기 위해 활동한 단체다. 우리말 표기법 통일을 위해 주시경, 지석영 등의 주도로 설립해 우리말의 문자 체계와 표기법 통일안 등을 연구하고 정리한 단체는 무엇일까?",국문 연구소,조선 광문회,기호 흥학회,조선사 편수회,국문연구소,국문 연구소,"국문연구소(國文硏究所)
1907년(광무 11) 7월에 학부에 설치되었던 국문연구기관. 주시경, 어윤적(魚允迪), 지석영, 이능화(李能和), 윤돈구(尹敦求), 권보상(權輔相), 이억(李億), 송기용(宋綺用) 등이 위원으로 활동했으며, 약 3년 동안 20여 회에 걸쳐 국문통일에 대한 토의를 했으나, 당시의 불안정한 정국으로 말미암아 건의된 안의 실시를 보지 못했다.",한국어 운동의 역사,한국어 위키피디아,
16,객관식,올해는 갑오년이다. 그렇다면 을미년인 해는 무엇인가?,1895년,2003년,1954년,1919년,1895년,,1895년,을미,한국어 위키피디아,
17,객관식,총 길이는 4500km로 북아메리카 대륙 서부에 있는 산맥이다. 미국과 캐나다에 걸쳐 뻗어있으며 최고봉인 알버트 산이 있는 이 산맥은 어디일까?,우랄산맥,피레네산맥,로키산맥,알프스산맥,로키 산맥,로키산맥,"로키 산맥(Rocky Mountains, 문화어: 록키 산줄기)은 북아메리카 서부에 있는 산맥이다. 캐나다의 브리티시컬럼비아 주에서 미국의 뉴멕시코 주까지 남북으로 4,800km에 걸쳐 뻗어있다. 가장 높은 봉우리는 콜로라도 주의 엘버트 산으로, 해발 4,401m이다.",로키 산맥,한국어 위키피디아,
18,객관식,높은 소리를 내는 목관악기라는 뜻이 담겨 있는 악기로 겹리드를 사용한다. 오케스트라에서 연주 전 조율을 위해 기준을 삼는 이 악기는 무엇일까?,피콜로,클라리넷,바순,오보에,오보에,,"오보에(이탈리아어: oboe)는 겹리드를 사용하는 목관악기 중 하나다. 오보에는 '높은 소리의 나무 피리'라는 뜻의 프랑스어 hautbois(오부아)에서 나왔다. 
다른 목관악기에 비하여 음높이의 미조율(微調律)의 폭이 매우 좁아서 오케스트라에서는 다른 악기는 오보에에 맞춰 조율한다.",오보에,한국어 위키피디아,
19,객관식,소설 어린왕자에서 비행사가 비행기 고장으로 불시착해 어린왕자를 만나는 사막은 어디일까?,고비사막,나미브사막,사하라사막,아타카마사막,사하라 사막,사하라사막,《어린 왕자》는 《인간의 대지》처럼 생텍쥐페리 자신이 사하라 사막에서 겪은 경험에서 얻은 영감을 바탕으로 쓴 것으로 보인다.,어린 왕자,한국어 위키피디아,
20,객관식,교향곡의 아버지로도 불리는 프란츠 요제프 하이든이 작곡한 교향곡은 무엇일까?,영웅교향곡,놀람교향곡,전원교향곡,합창교향곡,교향곡 94번,놀람교향곡,"《교향곡 94번 G 장조 ""놀람""》(Hob. 1/94)은 요제프 하이든가 1791년에 작곡한 교향곡이다. 그의 12개의 소위 런던 교향곡 가운데 두 번째 작품이다. 
하이든은 그의 작품에서 종종 익살과 해학을 보여주곤 했는데, 이 작품의 ""놀람""이라는 별명도 그런 이유로 붙게 되었다. 즉, 고요하게 시작된 두 번째 악장에서 갑자기 팀파니와 더불은 큰 소리의 화음이 나오는데, 이를 본딴 것이 바로 ""놀람""이라는 별명이다.",교향곡_94번_(하이든),한국어 위키피디아,
21,객관식,신라 화랑들이 지켰던 원광의 세속 오계에서 언급한 대상이 아닌 것은 무엇일까?,임금,형제,친구,부모,형제,,"사군이충(事君以忠) : 충성으로써 임금을 섬기어야 한다.
사친이효(事親以孝) : 효로써 부모를 섬기어야 한다.
교우이신(交友以信) : 믿음으로써 벗을 사귀어야 한다.
임전무퇴(臨戰無退) : 싸움에 나가서 물러남이 없어야 한다.
살생유택(殺生有擇) : 살아있는 것을 죽일 때에는 가림이 있어야 한다.",세속 오계,한국어 위키피디아,
22,객관식,인체의 기관들로 두 개씩 존재하는 기관이 아닌 것은 무엇일까?,부신,난소,콩팥,췌장,췌장,"이자, 이장","이자(?子, pancreas) 또는 췌장(膵?)은 소화 및 분비 기관으로, 위 아랫쪽 쓸개 옆에 붙어 있다.",이자 (해부학),한국어 위키피디아,
23,객관식,열을 가장 잘 전달하는 물질은 무엇일까?,은,구리,알루미늄,철,구리,"구리쇠, 동, 적금","구리, 구리쇠, 동(銅) 또는 적금(赤金)은 화학 원소로 기호는 Cu(←라틴어: cuprum 쿠프룸), 원자 번호는 29이다.
구리는 붉은 빛을 띠는 금속으로 전기와 열의 전도성이 뛰어나다.",구리,한국어 위키피디아,
24,객관식,은하수의 다른 말이 아닌 것은 무엇일까?,미리내,은한,우리 은하,희나리,희나리,,"은하수(銀河水)는 태양계가 속해있는 은하(우리 은하)이다. 국부은하군의 일부인 막대 나선 은하로, 관측 가능한 우주에 있는 수십억 은하 가운데 하나이다. 고유어로는 미리내(龍川), 한자로는 銀漢(은한)이라고도 한다.",은하수,한국어 위키피디아,
25,객관식,675년 신라는 이 전투에서 삼국을 차지하려던 당나라 군대를 격퇴한다. 신라가 삼국통일을 이루는 기반이 된 이 전투는 무엇일까?,안시성전투,황산벌전투,매소성전투,백강전투,매소성 전투,매소성전투,"매소성 전투는 나당 전쟁 당시 675년 신라와 당나라가 매소성에서 벌인 전투로, 신라는 이 전투에서 당나라 20만 대군을 격파하여 그 간의 패배를 만회하고 나당 전쟁의 전세를 역전시켰다.",매소성 전투,한국어 위키피디아,
26,객관식,음악용어 중 노래하듯이를 나타내는 말은 무엇일까?,cantabile,appassionato,dolce,amabile,칸타빌레,cantabile,"칸타빌레(이탈리아어: Cantabile)는 음악 용어 중 하나로, '노래하듯이'라는 뜻이다.",칸타빌레,한국어 위키피디아,
27,객관식,금강산은 계절에 따라 독특하고 매혹적인 장면을 연출해 계절마다 다른 이름을 가지고 있다. 여름의 금강산을 표현한 이름은 무엇일까?,금강산,봉래산,개골산,풍악산,봉래산,,"봄의 이름인 금강을 포함해 여러 가지 이름이 있지만 현재는 대개 금강산이라 불리며, 계절에 따라 여름에는 봉래산(蓬萊山 신선이 사는 산 중 하나), 가을에는 풍악산(楓嶽山 단풍 든 큰 산, 楓岳山 단풍 언덕 산), 겨울에는 개골산(皆骨山 바위 뼈 산)으로 불렸다.",금강산,한국어 위키피디아,
28,객관식,중국 혁명 동맹회를 조직한 쑨원이 내세운 삼민주의의 내용이 아닌 것은 무엇일까?,민권,민족,민생,민본,민본,,"삼민주의(중국어 정체: 三民主義 산민주이)는 쑨원이 발표한 초기 중화민국 정치 강령으로, 민족주의(民族主義), 민권주의(民權主義), 민생주의(民生主義)를 뜻한다.",삼민주의,한국어 위키피디아,
29,객관식,4개의 현을 가진 악기로 현악기 중 가장 높은 음역을 담당하고 오케스트라에서 주된 가락을 연주하는 악기는 무엇일까?,바이올린,비올라,첼로,더블베이스,바이올린,,"바이올린(독일어: violine, 프랑스어: violon, 영어: violin)은 완전 5도로 조율하는 현이 넷인 찰현악기이다. 비올라, 첼로와 더불어 바이올린족 악기에 속하며, 그중 가장 높은 소리를 낸다.",바이올린,한국어 위키피디아,
30,객관식,전남 신안군에 속해 있는 이 섬은 섬 전체가 천연기념물이다. 섬의 절경과 그 곳에 서식하는 다양한 동식물을 보존하기 위해 1965년에 천연기념물 제 170호로 지정한 이 섬은 무엇일까?,흑산도,비금도,홍도,완도,홍도,,"홍도(紅島)는 전라남도 신안군에 있는 섬이다. 
섬 전체가 1965년에 천연기념물 170호로 지정되었다.",홍도,한국어 위키피디아,
31,객관식,"진흥왕은 화랑도를 개편해 국가 조직으로 만들었으며, 신라의 영토를 크게 확장했다. 특히 한강 유역을 장악함으로써 삼국 경쟁의 주도권을 쥐었고, 바다를 통해 중국과 직접 교류할 수 있었다. 진흥왕의 영토 확장을 알 수 있는 비석이 아닌 것은 무엇일까?",황초령비,창녕비,북한산비,울진봉평신라비,울진봉평신라비,,"진흥왕 순수비(眞興王巡狩碑)는 신라 진흥왕이 재위 기간 중 영토 확장 사업을 하면서, 그 확장된 곳을 돌아보면서(순수(巡狩)) 세운 비석을 가리킨다. 현재 북한산비, 황초령비, 마운령비, 창녕비가 남아 있다.",진흥왕 순수비,한국어 위키피디아,
32,객관식,꽃이 아름다운 색깔을 띠는 것은 색소 때문이다. 붉은 장미나 붉게 물든 단풍잎 등 붉은 계열의 색을 내는 이 색소는 무엇일까?,플라빈,안토시아닌,퀘르세틴,루틴,안토시아닌,,"안토시아닌(anthocyanin)는 꽃이나 과실 등에 주로 포함되어있는 색소를 말한다. 수소 이온 농도에 따라 빨간색, 보라색, 파란색 등을 띤다.",안토시아닌,한국어 위키피디아,
33,객관식,이 동물은 천연기념물 제 540호로 꼬리가 짧거나 없는 것이 특징이다.  옛 문헌에 자주 등장했으며 신라 고분에서 토우로 발견되는 등 역사적 가치가 크다고 한다. '동경이'라는 이름으로도 잘 알려진 이 동물은 무엇일까?,풍산개,삽살개,경주개,진돗개,경주개,"댕견, 동경개","동경이는 한국의 개 품종이다. 댕견 혹은 동경개(東京犬)라고도 한다. 
동경이는 《동경잡기(東京雜記)》, 《증보문헌비고(增補文獻備考)》 등 옛 문헌을 통해서 경주 지역에서 널리 사육되었던 개로 알려졌고 신라 고분에서 토우로 발굴되는 등 그 역사와 문화적 가치가 크다. 현재 경주에서 사육되고 있는 경주개 동경이는 단미(短尾, 꼬리가 짧음)·무미(無尾, 꼬리가 없음)를 특징으로 하여 문헌 기록과 일치하고 유전자 분석결과 한국 토종개에 속하는 것으로 밝혀졌다.",동경이,한국어 위키피디아,
34,객관식,"우리나라 예법은 크게 관례, 혼례, 상례, 제례로 나뉜다. 이 중 '관례'란 오늘날 어떤 의식과 관련이 있을까?",환갑,성인식,명절,시험,성인식,,"관례(冠禮), 또는 원복(元服)은 동아시아의 유교 문화권 국가(중국, 한국, 베트남 및 일본)에서 이루어지던 관혼상제의 하나로서, 원시 사회에서 미성년자를 한 사람의 성인(成人)으로서 인정하던 성인식에서 유래하였으며, 주로 20세가 되는 남자(여자의 경우는 15세)에게 거행되었다.",관례,한국어 위키피디아,
35,객관식,허블의 분류에 따르면 우리 은하는 어떤 종류에 속할까?,타원 은하,렌즈 은하,막대나선 은하,불규칙 은하,막대나선은하,막대나선 은하,"우리 은하는 지름이 약 30kpc, 두께가 약 1kpc인 막대 나선은하에 속한다.",은하,한국어 위키피디아,
36,객관식,고대 그리스의 철학자 플라톤이 세운 아카데미아 입구에는 '이 학문을 모르는 사람은 이 문으로 들어올 수 없다'는 문구가 새겨져 있다고 한다. 특히 탈레스와 피타고라스의 노력에 의해 크게 발전한 이 학문은 무엇일까?,미적분학,기하학,대수학,이산수학,기하학,,"기원전 387년, 철학자 플라톤은 이곳에 학원을 지으면서 지명인 「아카데메이아」를 그대로 학원의 이름으로 가져다 썼다(아리스토텔레스의 「리케이온」도 같다).
산술, 기하학, 천문학 등을 가르치고, 일정한 예비훈련을 거쳐 이상적인 통치자가 받아야 할 철학을 가르쳤다. 특히 기하학은 감각이 아니라 사유에 의한 앎을 가르치는데 필수적이라는 판단으로, 학원 입구에는 「기하학을 모르는 자는 이 문으로 들어오지 마라」는 간판이 걸려 있었다고 한다.",아카데메이아,한국어 위키피디아,
37,객관식,스페인 동부 지역의 '부뇰'에서는 이 농작물의 가격이 폭락하자 농민들이 항의의 표시로 이 농작물을 으깨고 던진 것에서 유래한 축제가 매년 열린다. 이 농작물은 무엇일까?,토마토,오렌지,포도,올리브,토마토,,"토마티나(La Tomatina)는 스페인 발렌시아 주의 도시 부뇰에서 8월 마지막 수요일에 열리는 추수 감사절로, 일명 토마토 축제이다. 축제 기간 동안 만큼은 전 세계에서 도시 인구의 배 이상의 사람이 모여 서로 잘 익은 토마토를 서로 던진다.",토마티나,한국어 위키피디아,
38,객관식,순우리말 '가시버시'는 어떤 관계를 가리키는 것일까?,형제,부부,자매,부자,부부,,부부(夫婦)란 결혼한 남녀로 남편과 아내를 말한다. 순수한 한국어로 가시버시라는 말은 부부를 겸손하게 이르는 말이다.,부부,한국어 위키피디아,
39,객관식,"이곳에서는 '헐버트', '길모어' 등의 미국인 교사를 초빙해 양반 자제들에게 신지식과 외국어를 가르쳤다. 우리나라의 최초의 근대적 관립 학교이며 '젊은 영재를 기르는 공립학교'라는 뜻의 이곳은 어디일까?",배재학당,이화학당,육영공원,원산학사,육영공원,,"육영공원(育英公院)은 1886년(고종 23년)에 설립된 한국 최초의 근대적 공립 학교이다.
교사 중 한 명인 길모어의 증언에 따르면, 학생들은 처음에는 매우 열심이었고 교사들도 신이 나서 가르쳤다고 한다.
또 한 명의 교사였던 호머 헐버트는 개교한 지 1주일 만에 육영공원의 설립과 출발에 대한 글을 뉴욕 트리뷴에 기고하여 1886년 10월 1일 한국의 교사들이라는 글이 실렸다.",육영공원,한국어 위키피디아,
40,객관식,식물 세포에만 존재하는 세포의 소기관은 무엇일까?,세포벽,리보솜,소포체,미토콘드리아,세포벽,,"세포벽(細胞壁)은 식물 세포의 가장 바깥층을 에워싸고 있는 약간 두꺼운 막으로, 변형균을 제외한 모든 식물 세포에 존재한다. 동물 세포에는 원색 동물의 일부 가운데 가장 바깥 부분이 다당류 층으로 에워싸인 세포가 있는데, 식물 세포의 세포막과는 완전히 다르다.",세포벽,한국어 위키피디아,
41,객관식,이것은 이 세상을 선한 신과 악한 신의 대립으로 보았으며 '배화교'라고도 불렸다. 고대 페르시아인들이 널리 믿었던 이 종교는 무엇일까?,브라만교,조로아스터교,이슬람교,유대교,조로아스터교,마즈다교,"조로아스터교(Zoroastrianism), 마즈다교(Mazdaism) 혹은 배화교(拜火敎)의 창시는 기원전 1800년에서 기원전 640년경으로 다양하다.",조로아스터교,한국어 위키피디아,
42,객관식,이것은 포르투갈어로 '새로운 경향' 또는 '새로운 감각'을 뜻하는 말이다. 삼바에 재즈 감각을 가미해 만든 음악인 이것은 무엇일까?,블루스,스윙,비긴,보사노바,보사노바,,"보사노바(포르투갈어: Bossa Nova, 새로운 성향)는 브라질 대중음악의 한 형식으로 1960년대에 브라질의 세계적인 작곡가 안또니우 카를루스 조빙(Antonio Carlos Jobim), 보사 노바의 신이라 불리는 주앙 지우베르투(Jo?o Gilberto)가 발전시켰다.
삼바(Samba)에서 나온 음악 형식이지만, 삼바보다 멜로디가 더 감미롭고, 타악기가 덜 강조된다. 이 장르는 재즈에서 큰 영향을 받았고, 1960년대에 미국, 브라질에서 크게 유행했다.",보사노바,한국어 위키피디아,
43,객관식,별의 진화 단계 중 대부분의 별들이 일생의 90% 이상을 머무는 단계는 무엇일까?,원시별,백색왜성,거성,주계열성,주계열성,왜성,"주계열은 색등급도에서 오른쪽 아래에서 왼쪽 위를 크게 가로지르며, 주계열 위에 위치한 별을 주계열성(主系列星, main sequence star) 또는 왜성(矮星, dwarf star)이라고 부른다.
주계열은 대부분의 항성의 일생에서 가장 긴 시간을 차지하는 진화 단계이며, 주계열성은 수소핵융합으로 헬륨과 에너지를 만들어낸다. ",주계열,한국어 위키피디아,
44,객관식,"4세기 후반부터 5세기 초반까지 요동과 만주 지역으로 영토를 넓혔으며 후연, 거란 등 여러 부족을 격파하는 등, 대국을 건설한 자신감을 바탕으로 광개토대왕이 독자적으로 사용한 연호는 무엇일까?",영락,인안,건원,광덕,영락,,광개토왕릉비에는 연호인 영락(永樂)을 왕호로 사용한 영락태왕(永樂太王) 이 기록되어 있기도 하다.,광개토왕,한국어 위키피디아,
45,객관식,"이것은 여러 종류의 바이러스 중에서 겨울철 식중독의 원인으로 손꼽히는 바이러스다. 이 바이러스에 오염된 식품을 먹으면 구토, 설사, 복통, 위장염 등의 증세가 나타나는데 이것은 무엇일까?",아데노 바이러스,에볼라 바이러스,코로나 바이러스,노로 바이러스,노로바이러스,노로 바이러스,"노로바이러스(Norovirus)는 비세균성 급성위장염을 일으키는 바이러스의 한 종류이다. 
이 바이러스는 세계의 거의 90%의 위장염을 유발한다. 굴 등의 조개류에 의한 식중독의 원인이 되기도 하고, 감염된 사람의 분변이나 구토물에 의해 발견되기도 한다.",노로바이러스,한국어 위키피디아,
46,객관식,"지난 4월, 콜롬비아의 노벨상 수상 작가인 '가브리엘 가르시아 마르케스'의 타계 소식이 전해졌다. '가브리엘 가르시아 마르케스'의 작품은 무엇일까?",고도를 기다리며,백 년 동안의 고독,눈먼 자들의 도시,세일즈맨의 죽음,백년 동안의 고독,백 년 동안의 고독,"그의 대표작이기도 하며 또한 그를 콜롬비아의 세르반테스라고 일컫게 한 <백년 동안의 고독>은 마콘도(Ma­condo)라는 가공의 땅을 무대로 하여 부엔디아 일족의 역사를 그린 작품이며, 그의 노벨 문학상 수상에 영향을 주었다.",가브리엘 가르시아 마르케스,한국어 위키피디아,
47,객관식,동일한 조건에서 백열전구를 더욱 밝게 만들 수 있는 필라멘트 재료는 무엇일까?,금,알루미늄,구리,텅스텐,텅스텐,중석,"전구에 쓰일 필라멘트의 재료를 찾기 위해 수많은 실험을 하였으며, 현재는 필라멘트로 텅스텐이 사용되고 있다.
텅스텐(문화어: 탕그스텐←스웨덴어: tungsten 퉁스텐) 또는 볼프람(문화어: 월프람←독일어: Wolfram), 중석(重石)은 화학 원소로 기호는 W(←라틴어: wolframium 볼프라미움), 원자 번호는 텅스텐이라는 말은 스웨덴어로 '무거운 돌'을 의미하기때문에 위와 같은 한자어(重石)를 쓴다. 
순수한 텅스텐은 전기·전자 분야에 쓰이지만 주로 화합물이나 합금으로 널리 쓰인다. 전구의 필라멘트가 가장 대표적이다.","백열등,
텅스텐",한국어 위키피디아,
48,객관식,상공업 계층의 지지를 받아 유럽으로 확산된 칼뱅파 신교도를 프랑스에서는 무엇이라고 불렀을까?,고이센,청교도,위그노,장로파,위그노,,"어머니 마사는 프랑스의 칼뱅파 신교도인 위그노 신자였으며, 스코틀랜드인과 프랑스인, 아일랜드인의 피가 섞인 혼혈인 여성으로 조지아 주 출신이었다.",시어도어 루스벨트,한국어 위키피디아,
49,객관식,"이 행성에는 2개의 위성이 있으며 마리너 6호 바이킹 1, 2 호 등 많은 우주선들이 탐사에 나선 곳이다. 에베레스트 산의 약 3배 높이라고 알려진 올림푸스 화산이 있는 이 행성은 무엇일까?",화성,토성,해왕성,목성,화성,,"화성에는 태양계에서 가장 높은 산인 올림푸스 화산이 있으며, 역시 태양계에서 가장 큰 계곡인 매리너스 협곡과 극관을 가지고 있다. 
화성은 두 개의 작은 위성을 가지고 있다.
NASA는 계속해서 매리너 계획을 수행했다. 그들은 다음 발사 시간대에 근접 비행 시험을 또다시 수행하였다. 이 비행선들은 1969년에 화성에 도달하였다. 이에 관해서는 매리너 6호 와 7호를 참조하라.
1976년에 두 대의 바이킹 호가 화성 궤도에 들어가 각각 착륙 모듈을 내려 화성 표면에 내려 앉았다.",화성,한국어 위키피디아,
50,객관식,육지 사이에 끼어있고 좁고 긴 바다를 해협이라고 한다. 유라시아 대륙 동단의 시베리아와 북아메리카 대륙 서단의 알래스카 사이에 있으며 이곳을 탐험한 러시아 탐험가의 이름에서 유래한 이 해협의 이름은 무엇일까?,베링 해협,지브롤터 해협,쿡 해협,말라카 해협,베링 해협,베링해협,"베링 해협(-海峽; Bering Strait, 문화어: 베링그 해협)은 아시아 쪽의 데즈네프 곶과 북아메리카 쪽의 프린스오브웨일스 곶 사이의 해협이다. 폭은 85 km, 깊이는 30-50 m 가량 된다. 북쪽으로는 북극해의 일부인 축치 해, 남쪽으로는 태평양의 일부인 베링 해와 연결된다. 덴마크 출신의 러시아 탐험가 비투스 베링을 따라 이름붙여졌다.",베링 해협,한국어 위키피디아,
51,객관식,"'불란서'는 프랑스를, '이태리'는 이탈리아를 한자음으로 표기한 것이다. 그렇다면 '아라사'는 어느 나라일까?",네덜란드,몽골,이라크,러시아,러시아,,아라사(我羅斯) - 러시아,음역어,한국어 위키피디아,
52,객관식,"이것은 우리나라 고유의 관악기로 '호적 또는 새납'이라고도 불리며 나팔 모양이다. 종묘제례악, 대취타, 농악 등에서 폭넓게 사용하는 이 악기는 무엇일까?",장구,태평소,대금,세피리,태평소,"새납, 쇄나, 쇄납, 날라리, 랄라리","태평소(太平簫) 또는 새납은 고려 말 서남아시아에서 유래한 한국 전통 관악기로, 호적(胡笛), 쇄납, 쇄나, 날라리,랄라리 등으로도 불린다.",태평소,한국어 위키피디아,
53,객관식,이곳은 아일랜드 인 '조지 루이스 쇼'가 운영하던 회사의 대리점으로 대한민국 임시 정부의 교통국을 설치해 독립투사의 임시 거처로 활용했다. 우리나라의 독립운동에 중요한 역할을 한 이곳은 어디일까?,태극서관,자기회사,백산상회,이륭양행,이륭양행,,"대한민국 임시정부에서 연통제를 실시하게 되자 일본 영사관 경찰의 권한이 미치지 못하는 이륭양행 건물의 2층에 임시정부 단둥 교통국의 연락사무소를 설치하도록 도왔으며, 이륭양행에서 경영하는 무역선을 이용하여 독립운동에 필요한 무기 운반, 군자금 전달, 독립운동가의 출입국, 한국 국내와 임시정부와의 연락 등 중요한 창구역할을 했으나, 1920년 7월에 내란죄로 일본 경찰에 체포되어 옥고를 치렸다.
이륭양행(怡隆洋行)은 아일랜드계 영국인 조지 루이스 쇼가 1919년 5월 중국 단둥에 설립한 무역선박회사로 비밀리에 대한민국 임시정부 교통국의 역할을 수행하였다.
이륭양행에서는 독립운동가의 망명, 독립자금 모집, 무기 반입, 연통제 운영 등의 역할을 감당하였으며, 백범 김구도 삼일운동 직후에 단둥에 도착하여 이륭양행의 배인 계림호를 타고 상해로 망명하였다. ","조지 쇼 (1880년),
이륭양행",한국어 위키피디아,
54,객관식,"""(이곳) 바라보며 이제를 한하노라 주려 죽을 진들 채미도 하난 것가 비록 푸새에 것인들 그 뉘의 땅에 났던가"" 성삼문의 시조에 등장하는 이곳은 중국 주나라의 '백이'와 '숙제'가 인의를 저버린 군주를 거부하고 절개를 지키고자 거처했던 산 이름이다. 이 산은 어디일까?",수리산,수양산,수락산,수미산,수양산,,"백이와 숙제는 상나라가 망한 뒤에도 상나라에 대한 충성을 버릴 수 없으며, 고죽군 영주로 받는 녹봉 역시 받을 수 없다며 수양산으로 들어가 고사리를 캐먹었다.",백이와 숙제,한국어 위키피디아,
55,객관식,"이 국립공원은 미국의 와이오밍, 몬태나 아이다호 주에 걸쳐져 있으며 300여 개 이상의 간헐천이 있다. 유네스코 세계 유산으로 등재된 이 국립공원은 어디일까?",아카디아,레드우드,메사버드,옐로스톤,옐로스톤,,"옐로스톤 국립공원(Yellowstone National Park)은 미국 와이오밍 주 북서부, 몬태나 주 남부와 아이다호 주 동부에 걸쳐 있는 미국 최대,최고의 국립공원이며 대략 89만 9000ha의 거대한 공원이다. 
뜨거운 지하수를 하늘 높이 내뿜는 많은 수의 간헐천을 비롯한 여러 가지 종류의 온천들이 1만여개나 있으며 그 가운데 올드페이스풀 간헐천이 가장 유명하다.",옐로스톤 국립공원,한국어 위키피디아,
56,객관식,세계 각국에서 달을 연구하기 위해 발사한 탐사선이 아닌 것은 무엇일까?,천드라얀 1호,창어 3호,카시니-하위헌스,라디,카시니-하위헌스,,"LADEE 
찬드라얀 1호 
창어 1호 
창어 2호 
창어 3호
카시니-하위헌스(Cassini-Huygens)는 미국과 유럽의 공동 토성 탐사선이다. ","분류:달 탐사선,
카시니-하위헌스",한국어 위키피디아,
57,객관식,이것은 1989년에 미국에서 발사한 목성 탐사선이다. 목성의 위성을 가장 먼저 발견한 사람의 이름을 딴 이 탐사선은 무엇일까?,파이오니어호,율리시스호,보이저호,갈릴레오호,갈릴레오 호,갈릴레오호,"갈릴레오 호(Galileo)는 미국 항공우주국의 목성 탐사선이다. 르네상스 시대의 과학자 갈릴레오 갈릴레이의 이름을 땄다.
1989년 10월 18일 아틀란티스 우주왕복선의 STS-34 비행에서 발사되어, 1995년 12월 7일 목성에 도착했다.",갈릴레오 (우주선),한국어 위키피디아,
58,객관식,"이것은 세종 때 장영실, 이천 등이 왕명을 받아 만든 것으로 물의 흐름에 따라 스스로 소리를 내어 시간을 알리도록 만들어진 것이다. 이것은 무엇일까?",혼천의,자격루,측우기,앙부일구,자격루,,"자격루(自擊漏)는 조선 세종 때의 물시계로, 자동으로 시간마다 종이 울리도록 한 국가 표준시계이다. 장영실과 김조 등이 2년 간 제작하여 세종 16년(1434년) 8월 5일(음력 7월 1일) 완성·발표하였다.",자격루,한국어 위키피디아,
59,객관식,이것은 예로부터 눈의 건강을 돕는다고 해서 마시던 차의 일종이다. '눈을 밝게 해 준다'는 뜻을 가진 이 차는 무엇일까?,결명자,오미자,복분자,구기자,결명자,,결명자의 한자 뜻인 '눈을 밝게 틔우는 씨앗'이라는 이름대로 결명자는 눈을 맑고 총명하게 해주는 작용을 한다.,결명자차,한국어 위키피디아,
60,객관식,학생들의 건강을 위해 유해음식의 판매를 금지하는 '그린 푸드 존'은 학교 주변 얼마까지의 거리일까?,30m,100m,150m,200m,200m,,그린푸드존(Green Food Zone) 또는 어린이 식품안전보호구역(食品安全保護區域)은 안전하고 위생적인 식품판매 환경의 조성으로 어린이를 보호하기 위하여 시장ㆍ군수 또는 구청장이 학교와 해당 학교의 경계선으로부터 직선거리 200미터의 범위 안에 지정하여 관리하는 구역이다.,어린이 식품안전보호구역,한국어 위키피디아,
61,객관식,"얼마 전에 열린 이 국제영화제는 올해로 67회를 맞았는데, 영화제 최고상은 영화제가 열리는 도시에 많이 자라는 종려나무의 잎사귀를 본떠 디자인해 '황금종려상'이라고 부른다. 이 영화제는 무엇일까?",베를린 영화제,모스크바 영화제,칸 영화제,베니스 영화제,칸영화제,칸 영화제,황금종려상(프랑스어: Palme d'Or 팔름도르)은 칸 영화제에서 경쟁 부문 초정작 가운데 최고 작품의 감독에게 주어지는 칸 영화제 최고상이다.,황금종려상,한국어 위키피디아,
62,객관식,계절에 따라 동물의 몸 크기나 색깔 등이 달라지는 것과 관계 깊은 환경 요인은 무엇일까?,바람,물,온도,토양,온도,,"계절 변이란, 계절에 따라 생물의 크기나 형태, 몸의 색깔 등이 바뀌는 현상으로, 계절형이라고도 한다. 계절 변이는 주변의 환경과 해가 내리쬐는 시간, 온도가 계절에 따라 주기적으로 변하기 때문에 나타난다.",계절 변이,한국어 위키피디아,
63,객관식,임진왜란 때 우리나라 각지에서는 의병들이 일어나 자기 고장의 익숙한 지형을 이용해 왜군에게 큰 타격을 입혔는데 의병장이 아닌 사람은 누구일까?,곽재우,김천일,고경명,김시민,김시민,,"고경명 
곽재우
김천일",분류:임진왜란 의병장,한국어 위키피디아,
64,객관식,"이것은 송과선에서 생성, 분비하는 호르몬으로 생식에 있어서 이것의 농도가 높을 때는 발달을 억제하고 낮을 때는 촉진하는 작용을 한다. 불면증 치료에 이용하기도 하는 이 호르몬은 무엇일까?",코르티솔,멜라토닌,세로토닌,인슐린,멜라토닌,,"멜라토닌(melatonin)은 짐승, 식물, 곰팡이, 박테리아에서 볼 수 있는 물질의 하나로, N-아세틸-5-메톡시 트립타민 화학식을 지닌다. 짐승에게는 송과선에서 생성, 분비되며 광주기를 예측하는 호르몬이다.
사람의 경우, 인체의 생체 리듬을 조절하고, 생식선 자극 호르몬의 분비를 억제한다.
불면증을 위한 약으로 사용되지만. 멜라토닌은 미국과 캐나다에서 일반의약품으로 판매된다. ",멜라토닌,한국어 위키피디아,
65,객관식,‘칠석’이라 불리는 음력 7월 7일은 견우성과 직녀성이 만나는 날인데 직녀성을 포함하고 있는 별자리는 무엇일까?,처녀자리,독수리자리,거문고자리,물병자리,거문고자리,,"직녀성(織女星)은 북반구의 별자리인 거문고자리에서 가장 밝은 별로서 거문고자리 알파별, 베가(Vega)라고도 한다.",여름철의 별자리,한국어 위키피디아,
66,객관식,매년 6월 17일은 국제연합이 정한 '이것을 방지하는 날'이다. 우리나라 역시 이것으로 인해 피해를 받고 있는 나라 중 하나로 이 문제를 해결하기 위해 산림녹화 사업 등으로 피해국을 지원하고 있다. 이것은 무엇일까?,사막화,산성비,오존층파괴,온난화,사막화,,세계 사막화 방지의 날,6월 17일,한국어 위키피디아,
67,객관식,우주로 발사해 설치한 우주 망원경은 지상에서 관측하기 어려운 것들을 관측할 수 있다. 인간이 볼 수 없는 X선을 보며 우주를 관찰하는 우주 망원경은 무엇일까?,허블 망원경,스피처 망원경,플랑크 망원경,찬드라 망원경,찬드라,찬드라 망원경,"지구 대기권은 우주에서 오는 엑스선을 대부분 흡수해버리므로, 지상의 망원경으로는 관측하기 어렵다. 따라서, 궤도권에서 직접 엑스선을 관측하기 위해 찬드라 관측선이 설계되었다.",찬드라 엑스선 관측선,한국어 위키피디아,
68,객관식,공무도하가의 배경 설화에 의하면 물에 빠진 남편을 보고 눈물을 흘리며 슬퍼하던 아내가 이 악기에 맞춰 노래를 불렀다고 한다. 이 악기의 이름은 무엇인가?,비파,거문고,공후,해금,공후,,"그리고 그 뒤에는 그 늙은 광부(狂夫)의 아내가 쫓아오면서 남편을 부르며 말렸으나 그 늙은이는 깊은 물속으로 휩쓸려 들어가 기어코 물에 빠져 죽고 말았다. 이때 그 아내는 들고 오던 공후를 끌어 잡아 타면서 '공무도하'의 노래를 지어 불렀다.
결국 그는 물에 빠져 죽었다. 이에 그의 아내는 공후를 뜯으며 슬프게 노래를 부르고는 자신도 물에 빠져 죽었다.",공무도하가,한국어 위키피디아,
69,객관식,지구 대기권은 수직적인 온도 분포에 따라 4개의 권역으로 나뉜다. 고도 약 10~50km 사이로 오존층을 포함하고 있는 이 구간은 무엇일까?,대류권,성층권,중간권,열권,성층권,,"우리 대기내의 오존의 약 90%가 성층권에 들어 있다. 오존 농도는 지표로부터 15~40km 부근에 최대인데 그곳에서 오존의 농도는 2~8ppm이다.
성층권은 지표에서 10km에서 50km 사이에 위치하며, 9?12km 고도를 유지하는 민항기들이 다니는 길이기도 하다. 
또한 성층권의 25km 부근에는 오존층(O3)의 밀도가 가장 높다. ","오존층,
성층권",한국어 위키피디아,
70,객관식,이것은 조선왕조시기에 중추부의 정삼품 당상관을 이르던 말이었다가 나중에 와서는 나이 많은 남자를 낮잡아 이르는 말로 쓰였다. 소설 운수좋은 날의 남자 주인공에게 쓰였던 이 호칭은 무엇일까?,생원,선달,첨지,샌님,첨지,,동소문 안에서 인력거꾼으로 살아가는 김 첨지가 주인공이다.,운수 좋은 날,한국어 위키피디아,
71,객관식,미국의 대통령이 직접 발표한 선언이 아닌 것은 무엇일까?,먼로선언,닉슨 독트린,트루먼 독트린,애치슨선언,애치슨 선언,애치슨선언,"애치슨 라인 선언(Acheson line declaration, 애치슨 선언)은 1950년 1월 12일에 발표된, 미국의 국무장관이었던 딘 애치슨에 의해 발표된 선언이다. ",애치슨 선언,한국어 위키피디아,
72,객관식,지구의 원시상태와 유사한 환경 조건을 갖추고 있는 것으로 알려진 토성의 위성은 무엇일까?,이오,타이탄,포보스,에우로파,타이탄,티탄,"타이탄 또는 티탄(Titan)은 토성의 위성이다. 토성의 위성 중에서 가장 큰 천체로, 태양계 내에서는 목성의 가니메데에 이어 두 번째로 크다. 
대기 구성이 원시지구와 유사하여 다양한 관심을 받고 있다.",타이탄 (위성),한국어 위키피디아,
73,객관식,"길고 추운 겨울때문에 얼음 도시라고 불리는 이곳은 매년 1, 2월경에 열리는 대규모 빙설제로도 유명하다. 헤이룽장 성에 있는 이 도시는 어디일까?",하얼빈,베이징,칭다오,광저우,하얼빈,,하얼빈 국제빙설제(哈?????雪?)는 1985년부터 시작되어 하얼빈에서 매년 1월 5일경부터 2월말까지 개최되는 빙설제이다.,하얼빈 국제빙설제,한국어 위키피디아,
74,객관식,세금은 크게 국세와 지방세로 나눌 수 있는데 지방세에 해당하는 것은 무엇일까?,소득세,주민세,법인세,부가가치세,주민세,,"취득세, 레저세, 담배소비세, 지방소비세, 주민세, 지방소득세, 자동차세",지방세,한국어 위키피디아,
75,객관식,동물 뼈나 가죽에서 추출한 천연 접착제를 가리키는 이것은 무엇일까?,분채,호분,석채,아교,아교,아교풀,"아교(중국어: 阿?, 광둥어: 阿膠)는 두가지가 있는데, 동물의 가죽이나 뼈를 원료로 하여 짐승에서 얻은 것을 동물아교, 어류에서 얻은 것을 부레풀이라고 한다.",아교,한국어 위키피디아,
76,객관식,남아메리카의 안데스 산맥 일대에서 번영했던 문명은 무엇일까?,마야문명,잉카문명,아즈텍문명,메소포타미아문명,잉카 문명,잉카문명,"안데스 문명 (Andean civilizations)은 지금의 콜롬비아 고지대에서 아타카마 사막에 이르는 지역에서 발달한 다양한 문화들이다. 티아우아나코 등의 도시국가가 존재했으며, 잉카 제국이 가장 큰 정치체제였다.",안데스 문명,한국어 위키피디아,
77,객관식,모기가 옮기는 질병이 아닌 것은 무엇일까?,말라리아,일본뇌염,뎅기열,장티푸스,장티푸스,,"장티푸스(腸-,typhoid fever)는 살모넬라 균의 일종인 Salmonella enterica serovar Typhi에 의한 급성 전신 감염 질환이다.",장티푸스,한국어 위키피디아,
78,객관식,"국제 조약이나 협약에 의해 무장을 금지한 지역을 비무장 지대라고 하는데, 한국의 비무장 지대는 군사분계선으로부터 남, 북으로 각각 몇 km로 지정했을까?",1km,2km,3km,4km,2km,,"군사분계선에서부터 남북으로 각각 2 km 범위에는 군사충돌을 방지하기 위한 완충지대인 비무장지대(DMZ)가 설정되어 있다.
비무장지대는 군사분계선에서부터 남북으로 각각 2 km 범위에 군사충돌을 방지하기 위한 완충지대로 설정되어 있다.","한반도 군사 분계선,
한반도 비무장 지대",한국어 위키피디아,
79,객관식,용비어천가에서 조선을 세운 해동육룡에 해당하지 않는 왕은 누구일까?,정종,목조,태종,익조,정종,,내용은 목조·익조·도조·환조·태조·태종 등 조선의 선대인 6대에 걸쳐 그 사적을 노래했다. ,용비어천가,한국어 위키피디아,
80,객관식,필립K.딕은 20세기를 대표하는 SF작가중 한명으로 그의 작품은 영화로 많이 만들어 졌다. 필립K.딕의 작품이 원작이 아닌 것은 무엇일까?,블레이드 러너,토탈 리콜,마이너리티 리포트,스타쉽트루퍼스,스타쉽트루퍼스,,"딕의 직접적인 영향을 받고 제작된 영화로는 《매트릭스》(1999)와 《이퀄리브리엄(2002)》이 유명하며, 장편《안드로이드는 전기양의 꿈을 꾸는가?》(1968)를 리들리 스콧이 영화화한《블레이드 러너》(1982)와 단편 《도매가로 기억을 팝니다, We Can Remember It for You Wholesale》를 폴 버호벤이 영화화한 《토탈 리콜》(1990)은 딕의 이름을 일반대중에게 널리 알리는 계기가 되었다. 영화 《마이너리티 리포트》(2002), 《임포스터》(2002), 《페이첵》(2003), 《넥스트》(2007),《컨트롤러》(2011)도 그의 단편들을 바탕으로 한 것이다.",필립 K. 딕,한국어 위키피디아,
81,객관식,태양의 표면인 광구에서 관측할 수 있는 현상으로 에너지의 대류 운동에 의한 것은 무엇일까?,흑점,홍염,쌀알무늬,코로나,쌀알무늬,쌀알 조직,"뜨거운 기체가 광구까지 대류하면 그것은 광자를 우주공간으로 방출하고 냉각되며 다시 별 속으로 정착한다. 이 대류의 흐름은 태양의 쌀알 조직의 근원이며 나가는 에너지는 별이 우주공간에 방출하는 가시광선과 다른 전자기 복사이다.
태양의 광구는 쌀알 조직 또는 입상반(粒狀斑)으로 불리는 대류 조직으로 구성되어 있으며, 이는 중앙에서는 뜨거운 가스가 상승하고, 조직 사이의 좁은 공간에서는 식은 가스가 하강하는 직경 1,000 킬로미터 정도의 불기둥이다. 
쌀알 조직은 태양 내부에서 발생한 열로 광구 아래 있는 대류층(對流層)이 가열되어 뜨거운 가스가 대류에 의해서 광구로 떠올라 왔다가는 식어서 가라앉아 내려가는 것을 보여주고 있다.
쌀알무늬(Granule) or 알조직(Granulation)은 태양 대류층 내에서 플라스마의 대류 흐름에 의해 발생한다. 대류 세포 상부의 모습은 마치 광구가 쌀알 같이 보이게 한다고 하여, 쌀알무늬라고 부른다.","대류층,
광구,
쌀알무늬",한국어 위키피디아,
82,객관식,태권도의 품새가 아닌 것은 무엇일까?,고려,금강,백두,태백,백두,,"지정된 시간 1분-2분 이내에 정해진 2가지 품새(고려, 금강, 태백, 비각, 한류 등 조직위에서 정한 것)",품새,한국어 위키피디아,
83,객관식,우리나라의 표준시로 사용하는 기준 경선은 동경 몇 도일까?,123도,125도,132도,135도,135도,,"한국 표준시(韓國標準時, KST, Korea Standard Time)는 대한민국의 표준시로 UTC보다 9시간 빠른 동경 135도를 기준으로 하고 있다.",한국 표준시,한국어 위키피디아,
84,객관식,유네스코에서 지정한 우리나라의 인류무형문화유산에 해당하지 않는 것은 무엇일까?,김장문화,강강술래,줄타기,씨름,씨름,,"김장 (2013년 지정)
강강술래 (2009년 지정
줄타기 (2011년 지정)",무형문화유산 목록,한국어 위키피디아,
85,객관식,안국선의 금수회의록에는 겉치레만 요란하고 줏대없는 인간을 무장공자라고 하는데 이 동물은 무엇일까?,거북이,게,새우,달팽이,게,,무장공자란 속이 없는 자라는 뜻으로 인간의 가벼움을 뜻한다.,금수회의록,한국어 위키피디아,
86,객관식,이것은 고조선부터 고려 말까지 우리 역사를 독자적인 정통론을 세워 체계화한 역사책이다. 다른 역사서에서는 잘 다루지 않던 주변국에 대해 상세하게 기록했으며 안정복이 저술해 정조시기에 완성한 이 책은 무엇일까?,한국통사,발해고,동사강목,연려실기술,동사강목,,"《동사강목》(東史綱目)은, 조선의 학자 안정복(安鼎福)이 저술한 강목체(綱目體) · 편년체(編年體) 역사서이다.
1) 통계 - 통계는 역사의 정통론을 정립하는 것을 말한다. 
1774년 무렵에 《동사강목》의 열람을 요청하는 세손의 명을 받들어 안정복은 예전 완성해두었던 《동사강목》의 초고를 꺼내 마무리 작업을 시작하여 정조(正祖) 2년(1778년) 책의 서문(序文)을 지음으로서 책이 완성된다. ",동사강목,한국어 위키피디아,
87,객관식,아프리카 서부 기니만 연안의 한 국가인 코트디부아르는 한때 이 자원의 산출이 많았기 때문에 붙여진 이름이다. 이것은 무엇일까,진주,상아,곡물,소금,상아,,국명은 프랑스어로 '상아 해안'이라는 뜻이다. 이 이름은 15세기 후반부터 이 지역의 해안에서 주로 상아를 산출한 데서 유래한다.,코트디부아르,한국어 위키피디아,
88,객관식,이것은 전통적으로 기능 화성을 탈피해 각 나라의 민족적 전통을 기초로 만든 음악이다. 강렬하고 격렬한 리듬과 음색을 사용하며 대표적인 작곡가로는 스트라빈스키가 있는데 이것은 무엇일까?,표현주의 음악,인상주의 음악,원시주의 음악,음렬주의 음악,원시주의,원시주의 음악,19세기 말의 극도의 문화적 난숙이 이루어진 가운데 굴절이 심하고 복잡한 정신생활에 대한 권태에서 원시의 생명에 동경하여 사람들은 단순한 리듬과 루오나 고갱의 그림에서 볼 수 있는 원색적인 음향에 신선감을 느꼈다. 또한 원시주의는 19세기의 민족주의 음악이 지녔던 에그조티즘의 발전이기도 했다. 원시주의의 정점에 선 스트라빈스키의 몇몇 발레곡은 후기 낭만파풍의 대편성 관현악을 쓰면서 드뷔시의 인상주의적 화성법을 계기로 전통적 기능화성을 떠나 민요나 민족무용이 지니는 원시적 에너지를 발산시키고 있다.,원시주의,한국어 위키피디아,
89,객관식,이것은 각종 지리 정보를 수치화해 저장하고 사용자의 요구에 따라 다양한 방법으로 종합해 제공하는 정보 처리 시스템이다. 이것은 무엇일까?,GMO,GDP,GMT,GIS,GIS,"지아이에스, Geographic Information System,","지리 정보 체계(地理情報體系, 영어: geographic information system, GIS)는 지리공간적으로 참조가능한 모든 형태의 정보를 효과적으로 수집, 저장, 갱신, 조정, 분석, 표현할 수 있도록 설계된 컴퓨터의 하드웨어와 소프트웨어 및 지리적 자료, 인적자원의 통합체이다.",지리 정보 체계,한국어 위키피디아,
90,객관식,"향가는 향찰로 기록한 신라 시기에 가장 성행한 노래인데, 서동요 모죽지랑가 제망매가 등의 향가 14수가 들어있는 이 책은 무엇인가?",삼국사기,삼국유사,균여전,삼대목,삼국유사,,특히 단군 신화를 비롯하여 이두(吏讀)로 쓰인 향가(鄕歌) 14수가 기록되어 있어 국어 국문학 연구에 좋은 자료가 된다.,삼국유사,한국어 위키피디아,
91,객관식,이것은 파리의 한 오페라 극장을 배경으로 일그러진 얼굴을 가면으로 가린 괴신사가 천상의 목소리를 지닌 아름다운 프리마돈나를 짝사랑 한다는 내용을 담고 있다. 이 뮤지컬은 무엇일까?,맘마미아,오페라의 유령,미스 사이공,레미제라블,오페라의 유령,,"이 뮤지컬은 파리 오페라를 공포에 떨게 한 정체 불명의 추악한 얼굴을 한 괴신사 오페라의 유령에게 사로잡히게 되는 아름다운 가수, 크리스틴 다예를 중심으로 하고 있다. ",오페라의 유령 (뮤지컬),한국어 위키피디아,
92,객관식,고려와 조선 왕조 시기에는 불법적인 상행위를 근절하고 물가를 안정시키기 위해 관청을 설치했다. 시전과 관영 상점의 상행위를 감독하고 상품매매를 통제한 이 관청은 무엇일까?,동시전,광학보,장례원,경시서,경시서,평시서,"평시서(平市署)는 조선시대 도량형(度量衡)과 시장, 유통, 물가를 조절하는 등 시세의 조절을 맡던 관청이다. 처음에는 경시서(京市署)라고 불리다가 1466년 평시서로 바뀌었다.",평시서,한국어 위키피디아,
93,객관식,원유를 분별증류할 때 가장 끓는점이 높은 물질은 무엇일까?,중유,나프타,경유,석유가스,중유,,"120∼150℃의 유분은 리그로인이며 탄소 수 7∼9의 것이 주성분으로 되어 있다. 이 세 가지는 가솔린 또는 휘발유라고 총칭하며, 가솔린엔진의 연료로 쓰이거나 여러 물질의 용매로 사용된다. 화학공업에서는 이를 나프타(naphtha)라고 부르며, 각종 제품의 원료로 쓴다. 
비등점 150∼300℃의 유분은 등유라고 하며, 탄소수 8∼18인 탄화수소가 주성분으로서, 석유발동기나 제트엔진의 연료로 쓰인다. 
300∼350℃의 것은 경유, 350℃ 이상인 것은 중유라고 하며, 디젤엔진 등의 내연기관이나 보일러·각종 노의 연료로 사용된다. 비등점 300℃ 이상인 부분 중에서 액체로 된 것을 유동 파라핀, 반고체인 것을 바셀린, 고체인 부분을 파라핀납(paraffin蠟)이라고 구분하기도 한다. 석유공업에서는 이처럼 천연 석유를 분류해서 사용하는 한편 고비등점의 잔류분을 열과 촉매로써 분해하여 이용도가 높은 가솔린으로 만드는 방법도 이용하며, 이러한 제품을 분해 가솔린이라고 한다.
그리고 400℃ 이상에서도 잔류하는 부분은 아스팔트라고 하는데, 점착력·방수성·전기절연성이 높아 도로포장이나 전기절연체 등에 많이 쓰인다.",석유,한국어 위키피디아,
94,객관식,대륙 이동설을 주장한 알프레드 로타어 베게너는 중생대 초기에 모든 대륙이 서로 뭉쳐져 이뤄진 한 개의 초대륙이 존재했음을 주장했다. 이 원시의 초대륙은 무엇일까?,판게아,판타랏사,무대륙,아틀란티스,판게아,,"판게아(라틴어: Pangaea, pæn?d?iː?, 어원은 그리스어: παγγα?α 팡가이아→모든 땅 )는 고생대 페름기와 중생대 트라이아스기에 존재했던 초대륙이다. 1915년 독일의 알프레트 베게너가 제안한 이름이다. 3억 년 전에 대륙이 뭉쳐 판게아 대륙이 만들어지면서, 애팔래치아 산맥, 아틀라스 산맥, 우랄 산맥 등이 생겨났다. ",판게아,한국어 위키피디아,
95,객관식,이것은 땅속에 있는 줄기 끝에 양분을 저장해 땅속 줄기가 크고 뚱뚱해진 식물이다. 이것은 무엇일까?,고구마,달리아,감자,순무,감자,"마령서, 지슬, 북감저, 하지감자","또한 어떤 식물체의 줄기는 양분과 물을 저장하기도 하는데 양분을 저장하는 줄기에는 덩이줄기(감자), 비늘줄기(양파), 알줄기(토란), 뿌리줄기(연,아이리스)가 있으며 선인장류의 줄기는 물을 저장한다.
감자(영어: Potato)는 가지과의 다년생식물로, 세계에서 네 번째로 많이 생산되는 곡물이다. 하지감자, 지슬, 북감저(北甘藷), 마령서(馬鈴薯)라고도 한다.","줄기,
감자",한국어 위키피디아,
96,객관식,자유로운 시장 경제에서 가격이 수요와 공급을 조정하는 기능을 할 때 '애덤 스미스'는 '보이지 않는 이것'이라고 비유했다. 이것은 무엇일까?,눈,손,귀,발,손,,"귀국후 저술활동에 전념하여 1776년 유명한 <국부론>을 발표하여, 국가가 여러 경제 활동에 간섭하지 않는 자유 경쟁 상태에서도 '보이지 않는 손'에 의해 사회의 질서가 유지되고 발전된다고 주장하였다.
보이지 않는 손(Invisible hand)란 애덤 스미스가 주장한 자유 방임주의 경제 체제에서 국가는 시장에 간섭하지 않고 치안과 국방을 담당하는 야경국가의 역할을 하며 국가가 시장의 흐름에 개입하지 않는 대신 시장은 보이지 않는 손 즉 가격에 의해 자동으로 효율성을 유지하게 된다는 것으로 이 보이지 않는 손에 의한 시장의 효율성 유지 이론은, 모든 사람이 합리적(이기적)이라는 전제를 깔고 있다.","애덤 스미스,
보이지 않는 손",한국어 위키피디아,
97,객관식,"이것은 이탈리아 나폴리의 전통 파스타 요리 중 하나다. 모시조개 국물 소스와 조갯살로 식감을 살렸으며, '조개'를 뜻하는 이탈리아어이기도 한 이것은 무엇일까?",카르보나라,포모도로,알리오 올리오,봉골레,봉골레,,"스파게티 알레 봉골레 (이탈리아어:Spaghetti alle vongole)는 이탈리아와 여러 국가에서 널리 알려진 스파게티 요리의 일종이며 특별히 캄파니아 주(나폴리)와 로마 등 중부 이탈리아에서 전통적으로 전해오고 있다. 
보통은 모조개를 쓰는데 이태리어로 vongola verace이다. 이 재료는 리구리아 주와 토스카나 주에서는 arselle로 불린다. 미국에서는 대합을 대용으로 사용하기도 한다. 기호에 따라서 모시조개, 백합, 바지락 등으로 조리할 수 있다.",스파게티 알레 봉골레,한국어 위키피디아,
98,객관식,찰리 채플린이 공장에서 나사 조이는 일을 반복하는 공장 노동자로 등장해 현대 산업 사회의 인간 소외를 코믹하게 그려낸 이 영화의 제목은 무엇일까?,시티 라이트,모던 타임즈,황금광시대,위대한 독재자,모던 타임스,모던 타임즈,주인공인 떠돌이는 어느 공장에서 일하는데 공장의 사장은 계속 빠르게 생산하라고 지시를 한다. 이런 가운데 떠돌이는 나사처럼 생긴 것은 뭐든지 조이려는 정신병에 걸려서 정신 병원으로 이송된다. 병원에서 나온 떠돌이는 병이 회복되었지만 공장에서 해고되어 거리를 떠돈다.,모던 타임스 (영화),한국어 위키피디아,
99,객관식,19세기 영국의 '토머스 칼라일'은 '인도를 다 주어도 결코 이 사람과 바꾸지 않겠다'고 말했다. 영국인의 자존심이라고 일컬어지는 세계적인 작가인 이 사람은 누구일까?,셰익스피어,코넌 돌일,찰스 디킨스,존 로널드 돌킨,셰익스피어,,"비평가 칼라일이 ""영국 식민지 인도와도 바꿀 수 없다""고 말할 정도로 위대한 인류의 유산이었다",윌리엄 셰익스피어,한국어 위키피디아,
100,객관식,나무에서 열리는 열매가 잘못 연결된 것은 무엇일까?,매화나무-매실,오동나무-오디,떡갈나무-도토리,벛나무-버찌,오동나무-오디,,"이 열매를 오디라 하는데 맛이 달고 부드러우며, 잼으로도 만들어 먹는다.",뽕나무,한국어 위키피디아,
101,객관식,우리나라는 일찍부터 교육 기관이 만들어져 유교 교육이 이루어졌다. 고구려의 수도에 세워졌으며 유교 경전과 역사서의 내용을 가르친 이 학교는 무엇일까?,국학,태학,경당,향교,경당,,"경당(?堂)은 고구려의 사학 교육기관(私學敎育機關)이다. 태학이 상류층의 자제를 모아 유학을 중심으로 교육하는 관학(官學)인데 대해, 후기에 설치된 경당은 일반 평민층이 그들의 자제를 교육하기 위하여 설립했다. 여기에서는 경전(經典)과 궁술(弓術)을 가르쳤다.",경당 (고구려),한국어 위키피디아,
102,객관식,이것은 '북곽 선생'을 짐승이 혼내준다는 내용으로 양반의 위선을 비판한 작품이다. 박지원이 지은 <열하일기>에 실려 있는 이 작품은 무엇일까?,양반전,허생전,호질,광문자전,호질,,"북곽 선생은 박지원의 소설 《호질》에 등장하는 인물이며, 전국 시대 제나라 사람으로 알려져 있다.",북곽,한국어 위키피디아,
103,객관식,국제연합에서 규정한 배타적 경제수역은 자국의 연안으로부터 최대 몇 해리까지일까?,50해리,100해리,150해리,200해리,200해리,,"배타적 경제 수역(排他的經濟水域, 영어: Exclusive Economic Zone, EEZ)은 해양법에 관한 국제 연합 협약(UNCLOS)에 근거해서 설정되는 경제적인 주권이 미치는 수역을 가리킨다. 연안국은 유엔 해양법 조약에 근거한 국내법을 제정하는 것으로 자국의 연안으로부터 200해리(약 370km)의 범위 내의 수산자원 및 광물자원 등의 비생물자원의 탐사와 개발에 관한 권리를 얻을 수 있는 대신 자원의 관리나 해양 오염 방지의 의무를 진다.",배타적 경제 수역,한국어 위키피디아,
104,객관식,주문자가 요구하는 제품과 상표명으로 완제품을 생산하는 것은 무엇일까?,PB 상품,미투상품,ODM,OEM,OEM,"주문자 상표 부착 생산, 오이엠","OEM(Original Equipment Manufacturer)은, 주문자의 의뢰에 따라 주문자의 상표를 부착하여 판매할 상품을 제작하는 업체를 의미한다. 대한민국에서는 Original Equipment Manufacturing 이라고 쓰고 '주문자 상표 부착 생산'이라고 번역하는 경우가 많다.",OEM,한국어 위키피디아,
105,객관식,이것은 천연기념물 제329호로 멸종 위기 야생 생물 1급에 해당하는 동물이다. 지난 2004년에는 이 동물의 복원사업을 추진했는데 이 동물은 무엇일까?,반달가슴곰,뿔쇠오리,토끼박쥐,맹꽁이,반달가슴곰,반달곰,대한민국에서는 반달가슴곰에 절멸위기 등급이 붙어 있어 천연기념물 제329호로 보호받고 있다.,아시아흑곰,한국어 위키피디아,
106,객관식,이 사람은 임진왜란 때 선전관으로 왕을 모셨고 정묘호란 때는 의병을 일으켜 백성 수천 명을 구출했다. 철산의 용골산성에서 후금을 격퇴하는 전과를 세운 이 사람은 누구일까?,임경업,양만춘,정봉수,강홍립,정봉수,,"정봉수(鄭鳳壽, 1572년 ~ 1645년)는 조선 중기의 무신으로 자는 상수, 시호는 양무, 본관은 하동이다. 
1592년 무과에 급제해 임진왜란 때 선전관으로 왕 선조를 호종하여 부장이 되었다. 사복시주부, 감찰, 영산 현감을 역임했고 1605년 무안현대장으로 흑산도 앞바다에 칩입한 왜구 6명을 죽였다.
1627년 정묘호란이 일어나자 흩어진 군사들을 수습해 철산의 의병장으로 용골산성에서 후금의 군사 절반을 무찌르고 포로가 되었던 수천 명의 조선인을 구출하여 철산 부사로 특진되었다.",정봉수,한국어 위키피디아,
107,객관식,봄의 대표적인 길잡이별인 '봄의 대삼각형'에 속하는 별이 아닌 것은 무엇일까?,아르크투루스,베텔게우스,스피카,데네볼라,베텔게우스,,"아르크투루스, 스피카, 데네보라를 연결하여 만드는 거대한 삼각형을 봄의 대삼각형이라 부른다.",봄철의 별자리,한국어 위키피디아,
108,객관식,이곳은 국제 습지 조약 보존습지로 경상남도 창녕군에 있는 대표적인 자연 습지다. 이곳은 어디일까?,용늪,우포늪,무제치늪,단조늪,우포늪,,우포늪(牛浦-)은 경상남도 창녕군 일대에 위치한 대한민국 최대의 내륙 습지이다.,우포늪,한국어 위키피디아,
109,객관식,이것은 고대 이집트의 '람세스 2세'가 건축한 것으로 네 개의 파라오 상을 조각한 암굴신전이다. 이것은 무엇일까?,아부심벨 신전,룩소르 신전,이시스 신전,호루스 신전,아부 심벨 신전,"아부심벨신전, 아부심벨 신전",람세스 2세의 재위 시절 때 아부 심벨을 건설했다.,아부 심벨 신전,한국어 위키피디아,
110,객관식,이것은 고려 문신 이자겸이 자신의 뜻을 굽히지 않겠다는 의미로 이름 지어 왕에게 바친 것으로 유명하다. 이 생선은 무엇일까?,과메기,명태,굴비,전어,굴비,,전라남도 영광군에 유배되어 말린 생선을 먹고 그 '뜻을 굽히지 않겠다'는 이름을 붙인 것이 영광굴비의 어원이 되었다.,이자겸,한국어 위키피디아,
111,객관식,러시아 소설가로 카라마 조프가의 형제들을 쓴 작가는 누구일까?,톨스토이,안톤 체호프,도스토예프스키,솔제니친,도스토옙스키,도스토예프스키,《카라마조프의 형제》는 도스토옙스키의 장편소설이다.,카라마조프의 형제,한국어 위키피디아,
112,객관식,12간지 동물이 들어간 사자성어가 아닌 것은 무엇일까?,교각살우,수주대토,묘두현령,화룡점정,묘두현령,,"교각살우 矯角殺牛, 수주대토 守株待?, 묘두현령 猫頭懸鈴. 화룡점정 ?龍點睛",묘두현령,한국어 위키피디아,삭제
113,객관식,노벨상을 두 번 수상한 사람은 누구일까?,마리 퀴리,토마스 에디슨,제임스 왓슨,알버트 아인슈타인,마리 퀴리,,"그녀는 여성으로서 최초의 노벨상 수상자이며, 물리학상과 화학상을 동시에 받은 유일한 인물이다. 
노벨상을 2회 수상한 기록은 라이너스 폴링과 함께 인물로서는 최다 기록이다.",마리 퀴리,한국어 위키피디아,
114,객관식,세계에서 가장 큰 섬은 캐나다에 있는 그린란드 섬이다. 세계에서 두 번째로 큰 섬은 어디일까?,뉴기니,보르네오,마다가스카르,세인트마틴,뉴기니,,"뉴기니 섬(영어: New Guinea, 문화어: 뉴기니아 섬)은 오스트레일리아 북쪽에 있는 섬으로 세계에서 두 번째로 큰 섬이다.",뉴기니 섬,한국어 위키피디아,
115,객관식,미국은 제너럴 셔먼호가 소각된 사건을 구실로 배상금과 통상 조약 체결을 요구하며 5척의 군함을 이끌고 강화도를 침입해 신미양요를 일으킨다. 강화도에 침입한 미군에 맞서 광성보를 지키기 위해 조선군을 이끈 장군은 누구인가?,양헌수,정문부,어재연,한성근,어재연,,"3일간의 교전 결과 조선은 광성보가 함락되고 순무중군 어재연을 비롯한 수비 병력 대다수가 사망하였다.
6월 1일(음력 4월 14일) 미국 함대가 강화도에서 멀지 않은 곳에 정박하였다는 소식이 전해지자 조선 조정은 강화도에 군사와 군량을 보내기로 결정하고, 행호군(行護軍) 어재연을 진무중군(鎭撫中軍)에 임명하여 방어토록 하였다.
1871년 신미양요가 일어나자 조정에서는 어재연을 순무중군에 임명하여 광성진을 수비케 하였다. ","신미양요,
어재연",한국어 위키피디아,
116,객관식,이것은 주로 선비들이 즐겨 그렸으며 시 서 화의 3절과 운치를 중시한 그림이다. 보통 수묵화나 사군자를 소재로 그린 이 그림은 무엇일까?,문인화,산수화,풍속화,어진화,문인화,,"미술에서는 화려한 불화보다 중국의 유학자들이 선호한 문인화의 영향이 강해졌고, 그 결과 조선에서도 화려한 채색화보다는 수묵화가 많이 그려졌다. 양반 사대부 사이에서는 사군자나 산수화가 유행하였다.",한국 미술사,한국어 위키피디아,
117,객관식,이 사람은 만물은 수다라고 주장하며 소리의 높낮이를 수의 이치로 해석해 현대 음계의 기초가 되는 음률을 만들었다.,디오판토스,소크라테스,아르키메데스,피타고라스,피타고라스,,"피타고라스 음률은 음정의 주파수가 3:2 비율에 기반해 있는 음률이다. 피타고라스가 발견했다고 여겨지며, 가장 오래된 반음계의 조율법이다.",피타고라스 음률,한국어 위키피디아,
118,객관식,이것은 고려 후기에 권문세족이 불법으로 백성들의 토지를 빼앗거나 노비로 만들자 이를 바로잡기 위해 설치한 기구다. 이 기구는 무엇일까?,구제도감,전민변정도감,교정도감,식목도감,전민변정도감,,"전민변정도감(田民辨整都監)은 고려 후기의 개혁 기관으로서, 권문세족이 토지와 노비를 늘려 국가 기반이 크게 악화되자 이를 시정하기 위하여 설치한 임시 특별기구이다.",전민변정도감,한국어 위키피디아,
119,객관식,투수가 던지는 공 중에서 직구와 비슷한 자세로 던지지만 속도가 느려 타자의 타이밍을 빼앗는 데 사용하는 구질은 무엇일까?,포크볼,커브,체인지업,너클볼,체인지업,,"속구를 던지는 것처럼 보이지만 실제로는 이보다 시속 12~20km 정도 공이 느리게 날아가도록 하는 것이다. 즉, 투구 동작과 투구 시 팔의 속도는 속구와 같지만 타자에게 날아오는 공은 훨씬 느리다. 그래서 좋은 속구를 가진 투수들이 체인지업을 잘 던지면 큰 효과를 얻을 수 있다. 타자는 타이밍을 맞추고, 투수는 그 타이밍을 뺏는 현대 야구에서 체인지업은 그것을 충족시켜 주는 구종이다.",체인지업,한국어 위키피디아,
120,객관식,우리나라와 처음으로 자유무역협정을 맺은 국가는 어디일까?,브라질,멕시코,칠레,호주,칠레,,"한·칠레 FTA
대한민국이 최초로 맺은 자유무역협정이다.",대한민국의 자유 무역 협정,한국어 위키피디아,
121,객관식,"18세기에 성리학이 사회를 개혁하는 역할을 하지 못하자 '정제두'는 명분보다 실천을 강조하는 이 사상을 연구해 강화 학파를 형성했다. 역사학, 서화, 문화 등에 새로운 경지를 개척했고 실학자들에게도 많은 영향을 끼친 이 사상은 무엇일까?",고증학,훈고학,공양학,양명학,양명학,"육왕학, 왕학","정제두(鄭齊斗, 1649년∼1736년)는 조선 후기의 문신·학자이다. 본관은 영일, 자는 사앙(士仰), 호는 하곡(霞谷), 추곡(楸谷)이다. 성리학자였으나 양명학에 관심을 갖고 양명학자가 되었으며 강화학파의 시초가 되었다.
양명학이라는 명칭은 메이지 유신 이후에 퍼진 것으로, 그 이전에는 육왕학(陸王學) 또는 왕학(王學)이라 불렸다. ","정제두,
양명학",한국어 위키피디아,
122,객관식,"이것은 자아 성장의 고통과 기존의 고정관념을 파괴하는 것의 중요성을 담은 작품이다. ""새는 알에서 나오려고 투쟁한다. 알은 세계이다. 태어나려는 자는 하나의 세계를 깨뜨려야 한다""는 구절이 나오는 소설은 무엇일까?",데미안,어린왕자,갈매기의 꿈,톰 소여의 모험,데미안,,"데미안으로부터 온 답장에는 다음과 같은 글이 써 있었다. ""새는 알을 뚫고 나오기 위해 싸운다. 알은 세계다. 태어나려는 자는 하나의 세계를 깨뜨려야 한다. 알을 뚫고 나온 새는 신에게로 날아간다. 신의 이름은 아브락사스다.""",데미안,한국어 위키피디아,
123,객관식,조선 정조 시기에는 문화 발전과 학문 장려에 힘썼으며 자유로운 상업 활동을 보장했다. 또한 기존의 법령집을 통합한 법전을 편찬해 왕조의 통치 규범을 재정비했는데 이 법전은 무엇일까?,속대전,경국대전,대전회통,대전통편,대전통편,,정조는 《대전통편》을 간행하여 자신의 개혁 조치가 법제화되도록 하였다.,조선 정조,한국어 위키피디아,
124,객관식,이것은 태양 광선에 직접 노출되면 벽돌과 같이 단단해져 주로 건축 재료로 이용하는 것이다. 열대 기후 지역에서 볼 수 있으며 붉은색을 띠는 이것은 무엇일까?,글레이토,포드졸,라테라이트,레구르,라테라이트,홍토,"라테라이트(laterite)는 염기와 규산이 용탈되고 남은 성분이 산화되어 형성된, 산화철과 알루미늄 등을 많이 포함한 토양층이다. 주로 열대 기후 지형 혹은 아열대 기후, 적도지방에서 토양층이 형성되며, 색깔이 붉어 홍토(紅土)라고도 불린다. ",라테라이트,한국어 위키피디아,
125,객관식,행정구역상 북한과 인접한 인천광역시 옹진군에 속해 있는 섬들을 서해 5도라 부른다. 서해 5도가 아닌 섬은 무엇일까?,백령도,강화도,연평도,우도,강화도,,"서해 5도(西海五島)는 대한민국의 관할 아래 있는 섬들 가운데 조선민주주의인민공화국 황해남도의 남쪽 해안과 가까운 백령도, 대청도, 소청도, 연평도, 우도를 묶어 일컫는 말이다.",서해 5도,한국어 위키피디아,
126,객관식,이름이 본명인 작가는 누구일까?,김소월,정지용,이상,김동리,정지용,,"김소월(金素月, 1902년 9월 7일(음력 8월 6일) ~ 1934년 12월 24일)은 일제 강점기의 시인이다. 본명은 김정식(金廷湜)이지만, 호인 소월(素月)로 더 널리 알려져 있다. 
정지용(鄭芝溶, 일본식 이름: 大弓修 오유미 오사무, 음력 1902년 5월 15일/양력 1902년 6월 20일 ~ 1950년)은 한국의 대표적 서정시인이다.
이상(李箱, 1910년 9월 23일 ~ 1937년 4월 17일)은 일제 강점기의 시인, 작가, 소설가, 수필가, 건축가로 일제 강점기 한국의 대표적인 근대 작가이다. 원래의 성은 김(金)씨로, 본명은 김해경(金海卿)이다. 
김동리(金東里, 1913년 12월 21일 ~ 1995년 6월 17일)는 대한민국의 소설가이자 시인이다.
본명은 김시종(金始鍾)이고 본관은 선산(善山)이다. 
","김소월,
정지용,
이상,
김동리",한국어 위키피디아,
127,객관식,'백신'은 라틴어로 이 동물을 뜻하는 말에서 유래했다. 이 동물은 무엇일까?,소,개,돼지,말,소,,"우두법을 발견한 에드워드 제너가 라틴어로 소를 뜻하는 vacca를 차용하여 쓰기 시작했으며, 루이 파스퇴르가 vaccine이라 명명하여 영어와 프랑스어에서는 이 명칭으로 쓰고 있다.",백신,한국어 위키피디아,
128,객관식,개기월식은 달이 지구의 본그림자에 의해 가려지면 어두워지는 현상이다. 이때 달은 지구 대기를 통과한 빛에 의해 이 색으로 보이기도 하는데 무슨 색일까?,노란색,흰색,붉은색,푸른색,붉은색,,"개기월식이 일어날 때 달이 붉게 보이는 것은 지구 대기에 의한 산란 때문인데, 태양에서 나온 빛 중 파장이 짧은 푸른 빛이 산란되고 결과적으로 파장이 긴 붉은 빛이 달에 도달한다.",월식,한국어 위키피디아,
129,객관식,이것은 신라 문무왕 때 조성한 연못으로 국가에 경사가 있거나 손님을 맞을 때 연회를 베풀던 장소였다. 신라의 뛰어난 조경술을 보여주는 이곳은 어디일까?,부용지,궁남지,향원지,안압지,안압지,,"안압지는 신라가 삼국 통일을 이룬 직후인 문무왕(文武王) 14년(674년)에 황룡사 서남쪽 372m 지점에 조성되었다.
별궁인 임해전과 여러 부속건물은 나라의 경사가 있을 때나 귀한 손님을 맞을 때 이 곳을 바라보면서 연회를 베풀기도 하였던 곳이다.",경주 동궁과 월지,한국어 위키피디아,
130,객관식,"이것은 성장 가능성이 있지만, 아직은 경쟁력이 충분히 발달하지 못한 미성숙 산업을 뜻한다. 이것은 무엇일까?",유치산업,기간산업,후방산업,사양산업,유치산업,,"유치산업(幼稚産業, 영어: Infant industry)는 국가 등의 특정 경제 단위에서 성장 가능성이 있지만 아직은 미성숙한 산업을 말한다",유치산업,한국어 위키피디아,
131,객관식,우리나라의 의병 활동은 일제에 의해 강제 해산된 군인들이 1907년부터 의병부대에 합류하면서 점차 대일 전쟁의 성격을 띠게 되었다. 이 사람은 의병 부대의 연합인 13도 창의군의 총대장으로 각국 영사관에 의병 승인 요청을 요구한 사람인데 누구일까?,이소응,유인석,이인영,신돌석,이인영,,"13도 창의군(倡義軍)은 대한제국의 항일의병 조직이다.
13도 창의군은 1905년 을사늑약 체결 이후 다시 전국적으로 의병 항쟁이 일어났을 때, 각지의 의병부대들을 단일대오로 통수하기 위해 1907년 원주에서 거병한 이은찬(李殷瓚), 이구채(李求采, 혹은 이구재(李九載)) 등이 주도하여 문경의 이인영을 수 일간 설득, 통수로 추대하고, 각 도에서 의병들을 모집하여 한양으로 진격, 일본군을 토벌하고 독립을 달성하기 위해 구성한 자발적인 의병연합부대이다.
창의군 총대장 이인영
결국 창의군을 조직하고 한성탈환작전을 기획했던 중군대장 이은찬은 한성에서 밀정에게 속아 순국하였고, 총대장 이인영은 작전 중 부친상을 이유로 문경으로 돌아갔으나 일본 헌병에 체포되어 순국하였다.",13도 창의군,한국어 위키피디아,
132,객관식,"'크림전쟁, 아편전쟁, 백년전쟁, 보어전쟁'에 모두 참여한 국가는 어디일까?",영국,프랑스,독일,이탈리아,영국,,"1839년, 중국 당국이 광저우에서 영국 상인들로부터 아편 상자 20,000개를 압류 조치한 것이 계기가 되어 영국이 중국을 공격해 승전하였으며(제1차 아편 전쟁), 난징조약을 통해 홍콩 섬을 전리품으로 할양받았다.
영국과 프랑스는 러시아 해군의 가능성을 파괴하고자 크림 반도로 쳐들어갔다.
제2차 보어 전쟁 후에 영국은 트란스발 공화국과 오라녜 공화국과 조약을 맺음으로써 1902년에 두 보어인 공화국들에 대한 군사 점령을 끝마쳤다. ",대영 제국,한국어 위키피디아,
133,객관식,여름철에 밤이 되어도 기온이 많이 내려가지 않아 사람들이 잠을 이루지 못하는 더운 밤을 열대야라고 한다. 열대야는 밤 최저기온이 섭씨 몇 도 이상일 때일까?,18도,20도,25도,28도,25도,,열대야(熱帶夜)는 본래 일본 기상청 용어로 야간의 최저 기온이 25℃ 이상인 밤을 뜻한다.,열대야,한국어 위키피디아,
134,객관식,이것은 러시아어로 '동쪽'을 뜻하며 남극 연구기지 중 하나다. 인류 최초의 유인 우주선의 이름이기도 한 이것은 무엇일까?,보스토크,미르니,플래토,루스카야,보스토크,,보스토크는 소련이 제작한 유인 우주선이다. 유리 가가린이 보스토크 1호를 타고 세계 최초의 유인 우주비행을 하였다.,보스토크 (우주선),한국어 위키피디아,
135,객관식,북극해 연안에서 주로 순록을 유목하며 살아가는 민족이 아닌 것은 무엇일까?,사모예드족,이누이트족,라프족,카렌족,카인족,카렌족,카인족 또는 카렌족(Karen)은 카인 주를 중심으로 미얀마의 남부와 남동부에 주로 사는 민족 집단이다.,카인족,한국어 위키피디아,
136,객관식,17세기부터 19세기에 이르는 축성술의 시대별 발달 단계가 잘 나타나 있으며 2014년 유네스코 세계유산으로 등재된 이 성은 무엇일까?,수원화성,남한산성,북한산성,행주산성,남한산성,,2014년에는 세계문화유산에 등재되면서 현재에 이르고 있다.,남한산성,한국어 위키피디아,
137,객관식,이 물질은 모기나 농작물의 해충 등을 억제하기 위해 사용하는 물질이다. '레이첼 카슨'이 쓴 <침묵의 봄>이라는 책에서 이 물질의 위험성을 경고해 환경운동의 기폭제가 됐는데 이 물질은 무엇일까?,불소,벤젠,메틸수은,DDT,DDT,"디디티, Dichloro-Diphenyl-Trichloroethane","20세기에 가장 큰 영향력을 미친 책으로 일컬어지는 《침묵의 봄》은 무분별한 살충제 사용으로 파괴되는 야생 생물계의 모습을 적나라하게 공개하였다. 
그리고 1969년 미국 의회는 국가환경정책법안을 통과시켰으며, 암연구소는 DDT가 암을 유발할 수도 있다는 증거를 발표하였고, 각 주들은 DDT의 사용을 금지하기 시작하였다.
DDT(Dichloro-Diphenyl-Trichloroethane)는 잘 알려진 살충제중 하나이다. ","레이첼 카슨,
DDT",한국어 위키피디아,
